-- Table: customers
CREATE TABLE customers (id TEXT, name TEXT, business_name TEXT, city TEXT, registered_at TEXT);
INSERT INTO customers (id, name, business_name, city, registered_at) VALUES ('1', 'Meghan Alexander', 'Newton, Craig and Cannon', 'Port Davidborough', '2025-03-29 19:28:19');
INSERT INTO customers (id, name, business_name, city, registered_at) VALUES ('2', 'James Lewis', 'Jimenez, Mccoy and Rodgers', 'Toddburgh', '2025-02-14 18:18:53');
INSERT INTO customers (id, name, business_name, city, registered_at) VALUES ('3', 'Brandi Manning', 'Hines-Aguilar', 'Danielmouth', '2025-01-28 06:28:04');
INSERT INTO customers (id, name, business_name, city, registered_at) VALUES ('4', 'Natalie Williams', 'Williams, Johnson and Thompson', 'Bradfordborough', '2025-02-04 19:06:51');
INSERT INTO customers (id, name, business_name, city, registered_at) VALUES ('5', 'Toni Calderon', 'Walker-Steele', 'Nicoletown', '2025-06-17 03:43:33');
INSERT INTO customers (id, name, business_name, city, registered_at) VALUES ('6', 'Angela Smith', 'Reed, Bean and Bell', 'East Jasonside', '2024-11-16 14:08:38');
INSERT INTO customers (id, name, business_name, city, registered_at) VALUES ('7', 'Joseph Jenkins', 'Zavala PLC', 'Lake Sandra', '2024-08-22 11:08:15');
INSERT INTO customers (id, name, business_name, city, registered_at) VALUES ('8', 'Randy Welch', 'Murphy-Sullivan', 'Zacharyfort', '2024-09-04 15:08:42');
INSERT INTO customers (id, name, business_name, city, registered_at) VALUES ('9', 'Ashley Harris', 'Hughes-Walsh', 'Jenniferchester', '2025-02-27 19:51:15');
INSERT INTO customers (id, name, business_name, city, registered_at) VALUES ('10', 'Johnny Bird', 'Allen, Martin and Rios', 'South Brandon', '2025-06-02 06:23:38');
INSERT INTO customers (id, name, business_name, city, registered_at) VALUES ('11', 'Stephen Woods', 'Doyle Inc', 'South Melissaport', '2025-06-05 08:03:14');
INSERT INTO customers (id, name, business_name, city, registered_at) VALUES ('12', 'Aaron Brown', 'Scott, Mcconnell and Sanders', 'Port Carlaborough', '2024-07-08 05:25:29');
INSERT INTO customers (id, name, business_name, city, registered_at) VALUES ('13', 'Melissa Rios', 'Mcclain-Fields', 'Leonardside', '2025-02-12 00:43:51');
INSERT INTO customers (id, name, business_name, city, registered_at) VALUES ('14', 'Robert Hughes', 'Moreno, Simon and Bell', 'East Danashire', '2025-03-14 01:45:57');
INSERT INTO customers (id, name, business_name, city, registered_at) VALUES ('15', 'Cody Schmidt', 'Rice Group', 'Malikland', '2024-09-14 19:24:11');
INSERT INTO customers (id, name, business_name, city, registered_at) VALUES ('16', 'Aaron Smith', 'Hanson, Lucero and Anderson', 'East Brandonberg', '2025-06-20 17:30:22');
INSERT INTO customers (id, name, business_name, city, registered_at) VALUES ('17', 'Stephanie Brown', 'Cox-Gonzalez', 'West Kathymouth', '2025-04-11 17:45:21');
INSERT INTO customers (id, name, business_name, city, registered_at) VALUES ('18', 'Nicole Mccoy', 'Torres, Miller and Rojas', 'Mariahchester', '2025-06-09 21:59:22');
INSERT INTO customers (id, name, business_name, city, registered_at) VALUES ('19', 'Gerald Evans', 'Castro, Calderon and Howell', 'Port Stephanie', '2025-04-18 18:20:52');
INSERT INTO customers (id, name, business_name, city, registered_at) VALUES ('20', 'Stephen Nguyen', 'Johnson, Perez and Brown', 'North Joannaville', '2025-01-27 11:11:10');
INSERT INTO customers (id, name, business_name, city, registered_at) VALUES ('21', 'Adam Lynch', 'Cooper-Watson', 'New John', '2025-01-02 17:39:22');
INSERT INTO customers (id, name, business_name, city, registered_at) VALUES ('22', 'Robert Rice', 'Santiago-Stout', 'Ericport', '2025-01-10 16:44:06');
INSERT INTO customers (id, name, business_name, city, registered_at) VALUES ('23', 'Daniel Lewis', 'Harrington, Swanson and Mcdonald', 'Dustinside', '2024-12-30 07:36:49');
INSERT INTO customers (id, name, business_name, city, registered_at) VALUES ('24', 'Leslie Cunningham', 'Landry, Medina and Gibson', 'Davidport', '2025-03-27 16:59:33');
INSERT INTO customers (id, name, business_name, city, registered_at) VALUES ('25', 'Samuel Hill', 'Howard-Curtis', 'Stephaniemouth', '2024-08-04 10:55:51');
INSERT INTO customers (id, name, business_name, city, registered_at) VALUES ('26', 'Nicholas Hill', 'Porter-Dunn', 'Howardport', '2025-04-21 05:46:51');
INSERT INTO customers (id, name, business_name, city, registered_at) VALUES ('27', 'Joshua Thomas', 'Glenn, Allen and Ramirez', 'East Joshua', '2025-03-25 01:55:26');
INSERT INTO customers (id, name, business_name, city, registered_at) VALUES ('28', 'Lauren Johnson', 'Rios-Stevens', 'North Sarahtown', '2024-09-17 13:13:12');
INSERT INTO customers (id, name, business_name, city, registered_at) VALUES ('29', 'Christopher Everett', 'Williams, Castro and Ross', 'Ashleyfort', '2024-11-11 05:47:20');
INSERT INTO customers (id, name, business_name, city, registered_at) VALUES ('30', 'Mary Evans', 'Jenkins and Sons', 'Allisonstad', '2024-07-03 08:03:44');
INSERT INTO customers (id, name, business_name, city, registered_at) VALUES ('31', 'Paula Long', 'Zimmerman-Kirby', 'Donaldville', '2025-04-18 00:58:42');
INSERT INTO customers (id, name, business_name, city, registered_at) VALUES ('32', 'Lauren Jones', 'Hensley Group', 'Estesshire', '2024-12-07 11:29:52');
INSERT INTO customers (id, name, business_name, city, registered_at) VALUES ('33', 'Julie Buchanan', 'Porter Ltd', 'East Jeremy', '2024-08-28 13:59:21');
INSERT INTO customers (id, name, business_name, city, registered_at) VALUES ('34', 'Ronald Clay', 'Cox, Mooney and Villa', 'Downsfurt', '2025-02-28 14:37:10');
INSERT INTO customers (id, name, business_name, city, registered_at) VALUES ('35', 'Donna Best', 'Ruiz Group', 'East Jill', '2025-03-17 13:15:46');
INSERT INTO customers (id, name, business_name, city, registered_at) VALUES ('36', 'Elizabeth Preston', 'Sweeney, Mason and Abbott', 'West Mackenzieborough', '2024-12-20 19:38:04');
INSERT INTO customers (id, name, business_name, city, registered_at) VALUES ('37', 'Carl Ramirez', 'Campbell Group', 'East Richard', '2024-08-10 09:45:10');
INSERT INTO customers (id, name, business_name, city, registered_at) VALUES ('38', 'Connor Obrien', 'Perkins-Caldwell', 'Barbaratown', '2025-06-24 15:18:28');
INSERT INTO customers (id, name, business_name, city, registered_at) VALUES ('39', 'Debra Thompson', 'Chavez-Knox', 'Richardsonburgh', '2024-12-30 20:27:33');
INSERT INTO customers (id, name, business_name, city, registered_at) VALUES ('40', 'Cheyenne Wade', 'Mendoza-Daniels', 'Phillipchester', '2024-12-22 13:03:07');
INSERT INTO customers (id, name, business_name, city, registered_at) VALUES ('41', 'Daniel Marshall', 'Jones-Palmer', 'Jenniferville', '2025-03-19 23:36:24');
INSERT INTO customers (id, name, business_name, city, registered_at) VALUES ('42', 'Mr. Patrick Walker', 'Smith-Maxwell', 'East Tina', '2025-01-15 21:31:54');
INSERT INTO customers (id, name, business_name, city, registered_at) VALUES ('43', 'Douglas Snyder', 'Brock-Johnson', 'New Charles', '2025-02-18 20:15:42');
INSERT INTO customers (id, name, business_name, city, registered_at) VALUES ('44', 'Carolyn Jenkins', 'Williams Group', 'Marytown', '2024-07-18 15:41:48');
INSERT INTO customers (id, name, business_name, city, registered_at) VALUES ('45', 'Stacey Lang', 'George, Harris and Pitts', 'New Rodney', '2025-06-19 16:56:10');
INSERT INTO customers (id, name, business_name, city, registered_at) VALUES ('46', 'Danielle Brown', 'Cain Inc', 'Edwardsburgh', '2025-04-24 10:33:07');
INSERT INTO customers (id, name, business_name, city, registered_at) VALUES ('47', 'Jared Mcdaniel', 'Rosales-Baldwin', 'South Sandra', '2025-02-18 17:41:43');
INSERT INTO customers (id, name, business_name, city, registered_at) VALUES ('48', 'Cheryl Sosa', 'Espinoza and Sons', 'Nathanton', '2025-05-13 11:44:14');
INSERT INTO customers (id, name, business_name, city, registered_at) VALUES ('49', 'Mr. Jason Bauer', 'Martin, Armstrong and Moreno', 'Lake Melissaville', '2025-04-16 18:55:56');
INSERT INTO customers (id, name, business_name, city, registered_at) VALUES ('50', 'Michelle Abbott', 'Wright-Myers', 'Emilytown', '2024-12-08 22:24:45');


-- Table: suppliers
CREATE TABLE suppliers (id TEXT, name TEXT, category TEXT, location TEXT);
INSERT INTO suppliers (id, name, category, location) VALUES ('1', 'Sheppard Group', 'behind', 'North Christopher');
INSERT INTO suppliers (id, name, category, location) VALUES ('2', 'Carroll-Davis', 'stock', 'North Nancy');
INSERT INTO suppliers (id, name, category, location) VALUES ('3', 'Hernandez, Gentry and Ponce', 'fill', 'West Jennifer');
INSERT INTO suppliers (id, name, category, location) VALUES ('4', 'Wise-Thomas', 'lead', 'South Jennifer');
INSERT INTO suppliers (id, name, category, location) VALUES ('5', 'Johnson, Garcia and Coleman', 'nor', 'South Jared');
INSERT INTO suppliers (id, name, category, location) VALUES ('6', 'Wilkinson-Brown', 'actually', 'New John');
INSERT INTO suppliers (id, name, category, location) VALUES ('7', 'Walter, Cruz and Miller', 'area', 'New Brittany');
INSERT INTO suppliers (id, name, category, location) VALUES ('8', 'Randolph Ltd', 'late', 'Jenniferville');
INSERT INTO suppliers (id, name, category, location) VALUES ('9', 'Hunt, Phillips and Cunningham', 'stuff', 'Port Emily');
INSERT INTO suppliers (id, name, category, location) VALUES ('10', 'Wright, Byrd and Clarke', 'and', 'Patrickchester');
INSERT INTO suppliers (id, name, category, location) VALUES ('11', 'Walker-Garcia', 'above', 'Jenniferville');
INSERT INTO suppliers (id, name, category, location) VALUES ('12', 'White-Gonzalez', 'prepare', 'Lake Bryan');
INSERT INTO suppliers (id, name, category, location) VALUES ('13', 'Mcgee-Rodriguez', 'reality', 'Hillberg');
INSERT INTO suppliers (id, name, category, location) VALUES ('14', 'York Group', 'most', 'Brownstad');
INSERT INTO suppliers (id, name, category, location) VALUES ('15', 'Payne-Lucas', 'letter', 'Andersonborough');
INSERT INTO suppliers (id, name, category, location) VALUES ('16', 'Hernandez, Mcdonald and Sims', 'nothing', 'Wayneburgh');
INSERT INTO suppliers (id, name, category, location) VALUES ('17', 'Hayes-Murray', 'region', 'Juliestad');
INSERT INTO suppliers (id, name, category, location) VALUES ('18', 'Jenkins Ltd', 'participant', 'Crawfordfort');
INSERT INTO suppliers (id, name, category, location) VALUES ('19', 'Cohen-Anderson', 'local', 'Wellsmouth');
INSERT INTO suppliers (id, name, category, location) VALUES ('20', 'Torres-Brooks', 'glass', 'Lake Jasmine');


-- Table: products
CREATE TABLE products (id TEXT, name TEXT, category TEXT, unit_price TEXT);
INSERT INTO products (id, name, category, unit_price) VALUES ('1', 'ahead', 'no', '83.5');
INSERT INTO products (id, name, category, unit_price) VALUES ('2', 'rate', 'house', '86.21');
INSERT INTO products (id, name, category, unit_price) VALUES ('3', 'to', 'article', '53.07');
INSERT INTO products (id, name, category, unit_price) VALUES ('4', 'detail', 'it', '99.55');
INSERT INTO products (id, name, category, unit_price) VALUES ('5', 'political', 'son', '7.08');
INSERT INTO products (id, name, category, unit_price) VALUES ('6', 'serious', 'class', '98.75');
INSERT INTO products (id, name, category, unit_price) VALUES ('7', 'base', 'hit', '88.47');
INSERT INTO products (id, name, category, unit_price) VALUES ('8', 'magazine', 'bad', '94.54');
INSERT INTO products (id, name, category, unit_price) VALUES ('9', 'yeah', 'economy', '12.33');
INSERT INTO products (id, name, category, unit_price) VALUES ('10', 'debate', 'career', '2.55');
INSERT INTO products (id, name, category, unit_price) VALUES ('11', 'citizen', 'voice', '56.99');
INSERT INTO products (id, name, category, unit_price) VALUES ('12', 'entire', 'pay', '84.04');
INSERT INTO products (id, name, category, unit_price) VALUES ('13', 'across', 'then', '36.93');
INSERT INTO products (id, name, category, unit_price) VALUES ('14', 'price', 'people', '12.25');
INSERT INTO products (id, name, category, unit_price) VALUES ('15', 'up', 'dream', '71.54');
INSERT INTO products (id, name, category, unit_price) VALUES ('16', 'story', 'more', '37.85');
INSERT INTO products (id, name, category, unit_price) VALUES ('17', 'parent', 'discover', '47.96');
INSERT INTO products (id, name, category, unit_price) VALUES ('18', 'range', 'table', '82.45');
INSERT INTO products (id, name, category, unit_price) VALUES ('19', 'voice', 'money', '68.23');
INSERT INTO products (id, name, category, unit_price) VALUES ('20', 'environment', 'student', '14.78');
INSERT INTO products (id, name, category, unit_price) VALUES ('21', 'break', 'PM', '8.05');
INSERT INTO products (id, name, category, unit_price) VALUES ('22', 'day', 'relate', '49.19');
INSERT INTO products (id, name, category, unit_price) VALUES ('23', 'fine', 'stock', '53.33');
INSERT INTO products (id, name, category, unit_price) VALUES ('24', 'sister', 'who', '73.36');
INSERT INTO products (id, name, category, unit_price) VALUES ('25', 'traditional', 'wind', '91.36');
INSERT INTO products (id, name, category, unit_price) VALUES ('26', 'smile', 'low', '12.17');
INSERT INTO products (id, name, category, unit_price) VALUES ('27', 'building', 'off', '34.04');
INSERT INTO products (id, name, category, unit_price) VALUES ('28', 'response', 'reduce', '63.17');
INSERT INTO products (id, name, category, unit_price) VALUES ('29', 'action', 'get', '53.91');
INSERT INTO products (id, name, category, unit_price) VALUES ('30', 'role', 'write', '65.69');
INSERT INTO products (id, name, category, unit_price) VALUES ('31', 'play', 'third', '33.58');
INSERT INTO products (id, name, category, unit_price) VALUES ('32', 'example', 'sense', '37.85');
INSERT INTO products (id, name, category, unit_price) VALUES ('33', 'money', 'go', '77.75');
INSERT INTO products (id, name, category, unit_price) VALUES ('34', 'occur', 'international', '17.74');
INSERT INTO products (id, name, category, unit_price) VALUES ('35', 'language', 'follow', '12.61');
INSERT INTO products (id, name, category, unit_price) VALUES ('36', 'figure', 'above', '55.41');
INSERT INTO products (id, name, category, unit_price) VALUES ('37', 'when', 'contain', '64.93');
INSERT INTO products (id, name, category, unit_price) VALUES ('38', 'toward', 'health', '84.6');
INSERT INTO products (id, name, category, unit_price) VALUES ('39', 'ground', 'personal', '69.39');
INSERT INTO products (id, name, category, unit_price) VALUES ('40', 'rest', 'nothing', '40.84');
INSERT INTO products (id, name, category, unit_price) VALUES ('41', 'have', 'mother', '77.47');
INSERT INTO products (id, name, category, unit_price) VALUES ('42', 'opportunity', 'air', '33.0');
INSERT INTO products (id, name, category, unit_price) VALUES ('43', 'final', 'teacher', '36.04');
INSERT INTO products (id, name, category, unit_price) VALUES ('44', 'with', 'become', '69.37');
INSERT INTO products (id, name, category, unit_price) VALUES ('45', 'free', 'doctor', '89.34');
INSERT INTO products (id, name, category, unit_price) VALUES ('46', 'receive', 'company', '85.89');
INSERT INTO products (id, name, category, unit_price) VALUES ('47', 'first', 'cost', '79.88');
INSERT INTO products (id, name, category, unit_price) VALUES ('48', 'job', 'thus', '86.98');
INSERT INTO products (id, name, category, unit_price) VALUES ('49', 'base', 'young', '80.29');
INSERT INTO products (id, name, category, unit_price) VALUES ('50', 'traditional', 'center', '93.51');
INSERT INTO products (id, name, category, unit_price) VALUES ('51', 'thing', 'PM', '20.06');
INSERT INTO products (id, name, category, unit_price) VALUES ('52', 'above', 'Mrs', '50.15');
INSERT INTO products (id, name, category, unit_price) VALUES ('53', 'keep', 'even', '74.47');
INSERT INTO products (id, name, category, unit_price) VALUES ('54', 'challenge', 'hold', '37.13');
INSERT INTO products (id, name, category, unit_price) VALUES ('55', 'power', 'see', '83.95');
INSERT INTO products (id, name, category, unit_price) VALUES ('56', 'worry', 'major', '61.81');
INSERT INTO products (id, name, category, unit_price) VALUES ('57', 'its', 'finally', '73.8');
INSERT INTO products (id, name, category, unit_price) VALUES ('58', 'available', 'type', '99.88');
INSERT INTO products (id, name, category, unit_price) VALUES ('59', 'tough', 'effect', '13.38');
INSERT INTO products (id, name, category, unit_price) VALUES ('60', 'sing', 'often', '73.45');
INSERT INTO products (id, name, category, unit_price) VALUES ('61', 'huge', 'type', '72.2');
INSERT INTO products (id, name, category, unit_price) VALUES ('62', 'plan', 'concern', '91.64');
INSERT INTO products (id, name, category, unit_price) VALUES ('63', 'go', 'forward', '40.2');
INSERT INTO products (id, name, category, unit_price) VALUES ('64', 'look', 'remember', '31.87');
INSERT INTO products (id, name, category, unit_price) VALUES ('65', 'cause', 'produce', '2.07');
INSERT INTO products (id, name, category, unit_price) VALUES ('66', 'kid', 'prevent', '97.08');
INSERT INTO products (id, name, category, unit_price) VALUES ('67', 'only', 'trip', '32.97');
INSERT INTO products (id, name, category, unit_price) VALUES ('68', 'manager', 'husband', '36.46');
INSERT INTO products (id, name, category, unit_price) VALUES ('69', 'such', 'front', '38.69');
INSERT INTO products (id, name, category, unit_price) VALUES ('70', 'give', 'music', '11.68');
INSERT INTO products (id, name, category, unit_price) VALUES ('71', 'must', 'product', '21.99');
INSERT INTO products (id, name, category, unit_price) VALUES ('72', 'several', 'him', '48.99');
INSERT INTO products (id, name, category, unit_price) VALUES ('73', 'bit', 'beautiful', '71.84');
INSERT INTO products (id, name, category, unit_price) VALUES ('74', 'business', 'head', '12.17');
INSERT INTO products (id, name, category, unit_price) VALUES ('75', 'week', 'wish', '62.31');
INSERT INTO products (id, name, category, unit_price) VALUES ('76', 'dark', 'half', '98.08');
INSERT INTO products (id, name, category, unit_price) VALUES ('77', 'nice', 'but', '20.95');
INSERT INTO products (id, name, category, unit_price) VALUES ('78', 'off', 'sister', '43.24');
INSERT INTO products (id, name, category, unit_price) VALUES ('79', 'improve', 'long', '31.87');
INSERT INTO products (id, name, category, unit_price) VALUES ('80', 'federal', 'product', '42.55');
INSERT INTO products (id, name, category, unit_price) VALUES ('81', 'eye', 'station', '70.27');
INSERT INTO products (id, name, category, unit_price) VALUES ('82', 'might', 'return', '57.06');
INSERT INTO products (id, name, category, unit_price) VALUES ('83', 'series', 'three', '40.79');
INSERT INTO products (id, name, category, unit_price) VALUES ('84', 'life', 'throw', '64.84');
INSERT INTO products (id, name, category, unit_price) VALUES ('85', 'speak', 'suffer', '45.7');
INSERT INTO products (id, name, category, unit_price) VALUES ('86', 'share', 'this', '50.04');
INSERT INTO products (id, name, category, unit_price) VALUES ('87', 'fish', 'wait', '65.77');
INSERT INTO products (id, name, category, unit_price) VALUES ('88', 'perhaps', 'record', '14.69');
INSERT INTO products (id, name, category, unit_price) VALUES ('89', 'it', 'reach', '91.42');
INSERT INTO products (id, name, category, unit_price) VALUES ('90', 'control', 'painting', '69.05');
INSERT INTO products (id, name, category, unit_price) VALUES ('91', 'onto', 'certainly', '47.98');
INSERT INTO products (id, name, category, unit_price) VALUES ('92', 'center', 'thing', '22.84');
INSERT INTO products (id, name, category, unit_price) VALUES ('93', 'issue', 'strategy', '84.98');
INSERT INTO products (id, name, category, unit_price) VALUES ('94', 'positive', 'style', '94.21');
INSERT INTO products (id, name, category, unit_price) VALUES ('95', 'least', 'scientist', '75.24');
INSERT INTO products (id, name, category, unit_price) VALUES ('96', 'trip', 'work', '10.36');
INSERT INTO products (id, name, category, unit_price) VALUES ('97', 'business', 'tough', '98.4');
INSERT INTO products (id, name, category, unit_price) VALUES ('98', 'in', 'image', '77.92');
INSERT INTO products (id, name, category, unit_price) VALUES ('99', 'quickly', 'score', '64.57');
INSERT INTO products (id, name, category, unit_price) VALUES ('100', 'not', 'window', '51.55');


-- Table: supplier_products
CREATE TABLE supplier_products (id TEXT, supplier_id TEXT, product_id TEXT, stock_quantity TEXT);
INSERT INTO supplier_products (id, supplier_id, product_id, stock_quantity) VALUES ('1', '13', '48', '193');
INSERT INTO supplier_products (id, supplier_id, product_id, stock_quantity) VALUES ('2', '15', '56', '828');
INSERT INTO supplier_products (id, supplier_id, product_id, stock_quantity) VALUES ('3', '15', '77', '131');
INSERT INTO supplier_products (id, supplier_id, product_id, stock_quantity) VALUES ('4', '6', '40', '514');
INSERT INTO supplier_products (id, supplier_id, product_id, stock_quantity) VALUES ('5', '6', '31', '608');
INSERT INTO supplier_products (id, supplier_id, product_id, stock_quantity) VALUES ('6', '12', '30', '504');
INSERT INTO supplier_products (id, supplier_id, product_id, stock_quantity) VALUES ('7', '8', '18', '942');
INSERT INTO supplier_products (id, supplier_id, product_id, stock_quantity) VALUES ('8', '13', '65', '310');
INSERT INTO supplier_products (id, supplier_id, product_id, stock_quantity) VALUES ('9', '4', '91', '652');
INSERT INTO supplier_products (id, supplier_id, product_id, stock_quantity) VALUES ('10', '6', '61', '771');
INSERT INTO supplier_products (id, supplier_id, product_id, stock_quantity) VALUES ('11', '14', '20', '869');
INSERT INTO supplier_products (id, supplier_id, product_id, stock_quantity) VALUES ('12', '10', '28', '846');
INSERT INTO supplier_products (id, supplier_id, product_id, stock_quantity) VALUES ('13', '14', '82', '560');
INSERT INTO supplier_products (id, supplier_id, product_id, stock_quantity) VALUES ('14', '4', '30', '466');
INSERT INTO supplier_products (id, supplier_id, product_id, stock_quantity) VALUES ('15', '6', '4', '509');
INSERT INTO supplier_products (id, supplier_id, product_id, stock_quantity) VALUES ('16', '15', '67', '748');
INSERT INTO supplier_products (id, supplier_id, product_id, stock_quantity) VALUES ('17', '13', '69', '695');
INSERT INTO supplier_products (id, supplier_id, product_id, stock_quantity) VALUES ('18', '7', '51', '150');
INSERT INTO supplier_products (id, supplier_id, product_id, stock_quantity) VALUES ('19', '17', '65', '863');
INSERT INTO supplier_products (id, supplier_id, product_id, stock_quantity) VALUES ('20', '7', '68', '661');
INSERT INTO supplier_products (id, supplier_id, product_id, stock_quantity) VALUES ('21', '2', '17', '78');
INSERT INTO supplier_products (id, supplier_id, product_id, stock_quantity) VALUES ('22', '19', '91', '351');
INSERT INTO supplier_products (id, supplier_id, product_id, stock_quantity) VALUES ('23', '14', '68', '368');
INSERT INTO supplier_products (id, supplier_id, product_id, stock_quantity) VALUES ('24', '2', '62', '360');
INSERT INTO supplier_products (id, supplier_id, product_id, stock_quantity) VALUES ('25', '17', '39', '79');
INSERT INTO supplier_products (id, supplier_id, product_id, stock_quantity) VALUES ('26', '1', '64', '254');
INSERT INTO supplier_products (id, supplier_id, product_id, stock_quantity) VALUES ('27', '12', '33', '752');
INSERT INTO supplier_products (id, supplier_id, product_id, stock_quantity) VALUES ('28', '6', '86', '673');
INSERT INTO supplier_products (id, supplier_id, product_id, stock_quantity) VALUES ('29', '3', '19', '415');
INSERT INTO supplier_products (id, supplier_id, product_id, stock_quantity) VALUES ('30', '2', '46', '202');
INSERT INTO supplier_products (id, supplier_id, product_id, stock_quantity) VALUES ('31', '3', '45', '686');
INSERT INTO supplier_products (id, supplier_id, product_id, stock_quantity) VALUES ('32', '18', '83', '415');
INSERT INTO supplier_products (id, supplier_id, product_id, stock_quantity) VALUES ('33', '12', '16', '32');
INSERT INTO supplier_products (id, supplier_id, product_id, stock_quantity) VALUES ('34', '16', '49', '66');
INSERT INTO supplier_products (id, supplier_id, product_id, stock_quantity) VALUES ('35', '3', '67', '868');
INSERT INTO supplier_products (id, supplier_id, product_id, stock_quantity) VALUES ('36', '7', '33', '385');
INSERT INTO supplier_products (id, supplier_id, product_id, stock_quantity) VALUES ('37', '19', '98', '657');
INSERT INTO supplier_products (id, supplier_id, product_id, stock_quantity) VALUES ('38', '2', '82', '955');
INSERT INTO supplier_products (id, supplier_id, product_id, stock_quantity) VALUES ('39', '20', '39', '622');
INSERT INTO supplier_products (id, supplier_id, product_id, stock_quantity) VALUES ('40', '16', '53', '228');
INSERT INTO supplier_products (id, supplier_id, product_id, stock_quantity) VALUES ('41', '17', '18', '94');
INSERT INTO supplier_products (id, supplier_id, product_id, stock_quantity) VALUES ('42', '7', '80', '49');
INSERT INTO supplier_products (id, supplier_id, product_id, stock_quantity) VALUES ('43', '17', '29', '981');
INSERT INTO supplier_products (id, supplier_id, product_id, stock_quantity) VALUES ('44', '7', '19', '25');
INSERT INTO supplier_products (id, supplier_id, product_id, stock_quantity) VALUES ('45', '13', '23', '910');
INSERT INTO supplier_products (id, supplier_id, product_id, stock_quantity) VALUES ('46', '15', '39', '305');
INSERT INTO supplier_products (id, supplier_id, product_id, stock_quantity) VALUES ('47', '4', '81', '766');
INSERT INTO supplier_products (id, supplier_id, product_id, stock_quantity) VALUES ('48', '6', '7', '193');
INSERT INTO supplier_products (id, supplier_id, product_id, stock_quantity) VALUES ('49', '18', '87', '908');
INSERT INTO supplier_products (id, supplier_id, product_id, stock_quantity) VALUES ('50', '17', '98', '923');
INSERT INTO supplier_products (id, supplier_id, product_id, stock_quantity) VALUES ('51', '14', '45', '581');
INSERT INTO supplier_products (id, supplier_id, product_id, stock_quantity) VALUES ('52', '7', '76', '577');
INSERT INTO supplier_products (id, supplier_id, product_id, stock_quantity) VALUES ('53', '4', '62', '212');
INSERT INTO supplier_products (id, supplier_id, product_id, stock_quantity) VALUES ('54', '7', '38', '686');
INSERT INTO supplier_products (id, supplier_id, product_id, stock_quantity) VALUES ('55', '3', '37', '383');
INSERT INTO supplier_products (id, supplier_id, product_id, stock_quantity) VALUES ('56', '12', '17', '612');
INSERT INTO supplier_products (id, supplier_id, product_id, stock_quantity) VALUES ('57', '9', '40', '558');
INSERT INTO supplier_products (id, supplier_id, product_id, stock_quantity) VALUES ('58', '13', '21', '760');
INSERT INTO supplier_products (id, supplier_id, product_id, stock_quantity) VALUES ('59', '6', '50', '558');
INSERT INTO supplier_products (id, supplier_id, product_id, stock_quantity) VALUES ('60', '18', '91', '179');
INSERT INTO supplier_products (id, supplier_id, product_id, stock_quantity) VALUES ('61', '10', '44', '726');
INSERT INTO supplier_products (id, supplier_id, product_id, stock_quantity) VALUES ('62', '14', '2', '925');
INSERT INTO supplier_products (id, supplier_id, product_id, stock_quantity) VALUES ('63', '10', '64', '770');
INSERT INTO supplier_products (id, supplier_id, product_id, stock_quantity) VALUES ('64', '3', '21', '292');
INSERT INTO supplier_products (id, supplier_id, product_id, stock_quantity) VALUES ('65', '15', '8', '463');
INSERT INTO supplier_products (id, supplier_id, product_id, stock_quantity) VALUES ('66', '9', '42', '241');
INSERT INTO supplier_products (id, supplier_id, product_id, stock_quantity) VALUES ('67', '16', '20', '189');
INSERT INTO supplier_products (id, supplier_id, product_id, stock_quantity) VALUES ('68', '3', '25', '623');
INSERT INTO supplier_products (id, supplier_id, product_id, stock_quantity) VALUES ('69', '18', '61', '177');
INSERT INTO supplier_products (id, supplier_id, product_id, stock_quantity) VALUES ('70', '8', '60', '620');
INSERT INTO supplier_products (id, supplier_id, product_id, stock_quantity) VALUES ('71', '4', '79', '296');
INSERT INTO supplier_products (id, supplier_id, product_id, stock_quantity) VALUES ('72', '18', '19', '109');
INSERT INTO supplier_products (id, supplier_id, product_id, stock_quantity) VALUES ('73', '1', '47', '65');
INSERT INTO supplier_products (id, supplier_id, product_id, stock_quantity) VALUES ('74', '11', '22', '561');
INSERT INTO supplier_products (id, supplier_id, product_id, stock_quantity) VALUES ('75', '10', '51', '671');
INSERT INTO supplier_products (id, supplier_id, product_id, stock_quantity) VALUES ('76', '9', '85', '690');
INSERT INTO supplier_products (id, supplier_id, product_id, stock_quantity) VALUES ('77', '15', '14', '222');
INSERT INTO supplier_products (id, supplier_id, product_id, stock_quantity) VALUES ('78', '11', '10', '756');
INSERT INTO supplier_products (id, supplier_id, product_id, stock_quantity) VALUES ('79', '11', '41', '700');
INSERT INTO supplier_products (id, supplier_id, product_id, stock_quantity) VALUES ('80', '20', '33', '165');
INSERT INTO supplier_products (id, supplier_id, product_id, stock_quantity) VALUES ('81', '5', '19', '252');
INSERT INTO supplier_products (id, supplier_id, product_id, stock_quantity) VALUES ('82', '6', '84', '365');
INSERT INTO supplier_products (id, supplier_id, product_id, stock_quantity) VALUES ('83', '14', '91', '537');
INSERT INTO supplier_products (id, supplier_id, product_id, stock_quantity) VALUES ('84', '11', '35', '606');
INSERT INTO supplier_products (id, supplier_id, product_id, stock_quantity) VALUES ('85', '8', '57', '422');
INSERT INTO supplier_products (id, supplier_id, product_id, stock_quantity) VALUES ('86', '8', '97', '985');
INSERT INTO supplier_products (id, supplier_id, product_id, stock_quantity) VALUES ('87', '3', '80', '391');
INSERT INTO supplier_products (id, supplier_id, product_id, stock_quantity) VALUES ('88', '4', '97', '8');
INSERT INTO supplier_products (id, supplier_id, product_id, stock_quantity) VALUES ('89', '2', '59', '230');
INSERT INTO supplier_products (id, supplier_id, product_id, stock_quantity) VALUES ('90', '1', '28', '454');
INSERT INTO supplier_products (id, supplier_id, product_id, stock_quantity) VALUES ('91', '15', '65', '490');
INSERT INTO supplier_products (id, supplier_id, product_id, stock_quantity) VALUES ('92', '9', '71', '337');
INSERT INTO supplier_products (id, supplier_id, product_id, stock_quantity) VALUES ('93', '9', '36', '384');
INSERT INTO supplier_products (id, supplier_id, product_id, stock_quantity) VALUES ('94', '2', '84', '225');
INSERT INTO supplier_products (id, supplier_id, product_id, stock_quantity) VALUES ('95', '15', '63', '984');
INSERT INTO supplier_products (id, supplier_id, product_id, stock_quantity) VALUES ('96', '16', '45', '798');
INSERT INTO supplier_products (id, supplier_id, product_id, stock_quantity) VALUES ('97', '10', '71', '159');
INSERT INTO supplier_products (id, supplier_id, product_id, stock_quantity) VALUES ('98', '12', '33', '593');
INSERT INTO supplier_products (id, supplier_id, product_id, stock_quantity) VALUES ('99', '17', '77', '92');
INSERT INTO supplier_products (id, supplier_id, product_id, stock_quantity) VALUES ('100', '9', '36', '623');
INSERT INTO supplier_products (id, supplier_id, product_id, stock_quantity) VALUES ('101', '15', '9', '781');
INSERT INTO supplier_products (id, supplier_id, product_id, stock_quantity) VALUES ('102', '1', '57', '502');
INSERT INTO supplier_products (id, supplier_id, product_id, stock_quantity) VALUES ('103', '12', '5', '718');
INSERT INTO supplier_products (id, supplier_id, product_id, stock_quantity) VALUES ('104', '6', '60', '345');
INSERT INTO supplier_products (id, supplier_id, product_id, stock_quantity) VALUES ('105', '12', '72', '466');
INSERT INTO supplier_products (id, supplier_id, product_id, stock_quantity) VALUES ('106', '10', '31', '115');
INSERT INTO supplier_products (id, supplier_id, product_id, stock_quantity) VALUES ('107', '15', '36', '946');
INSERT INTO supplier_products (id, supplier_id, product_id, stock_quantity) VALUES ('108', '17', '50', '968');
INSERT INTO supplier_products (id, supplier_id, product_id, stock_quantity) VALUES ('109', '15', '91', '969');
INSERT INTO supplier_products (id, supplier_id, product_id, stock_quantity) VALUES ('110', '14', '45', '768');
INSERT INTO supplier_products (id, supplier_id, product_id, stock_quantity) VALUES ('111', '14', '20', '100');
INSERT INTO supplier_products (id, supplier_id, product_id, stock_quantity) VALUES ('112', '18', '85', '459');
INSERT INTO supplier_products (id, supplier_id, product_id, stock_quantity) VALUES ('113', '7', '36', '532');
INSERT INTO supplier_products (id, supplier_id, product_id, stock_quantity) VALUES ('114', '20', '57', '84');
INSERT INTO supplier_products (id, supplier_id, product_id, stock_quantity) VALUES ('115', '5', '23', '238');
INSERT INTO supplier_products (id, supplier_id, product_id, stock_quantity) VALUES ('116', '3', '74', '589');
INSERT INTO supplier_products (id, supplier_id, product_id, stock_quantity) VALUES ('117', '8', '66', '152');
INSERT INTO supplier_products (id, supplier_id, product_id, stock_quantity) VALUES ('118', '11', '21', '140');
INSERT INTO supplier_products (id, supplier_id, product_id, stock_quantity) VALUES ('119', '19', '25', '1');
INSERT INTO supplier_products (id, supplier_id, product_id, stock_quantity) VALUES ('120', '20', '2', '263');
INSERT INTO supplier_products (id, supplier_id, product_id, stock_quantity) VALUES ('121', '7', '82', '957');
INSERT INTO supplier_products (id, supplier_id, product_id, stock_quantity) VALUES ('122', '14', '25', '304');
INSERT INTO supplier_products (id, supplier_id, product_id, stock_quantity) VALUES ('123', '2', '33', '560');
INSERT INTO supplier_products (id, supplier_id, product_id, stock_quantity) VALUES ('124', '17', '75', '484');
INSERT INTO supplier_products (id, supplier_id, product_id, stock_quantity) VALUES ('125', '19', '75', '318');
INSERT INTO supplier_products (id, supplier_id, product_id, stock_quantity) VALUES ('126', '10', '85', '781');
INSERT INTO supplier_products (id, supplier_id, product_id, stock_quantity) VALUES ('127', '1', '84', '976');
INSERT INTO supplier_products (id, supplier_id, product_id, stock_quantity) VALUES ('128', '12', '40', '658');
INSERT INTO supplier_products (id, supplier_id, product_id, stock_quantity) VALUES ('129', '5', '88', '504');
INSERT INTO supplier_products (id, supplier_id, product_id, stock_quantity) VALUES ('130', '5', '89', '306');
INSERT INTO supplier_products (id, supplier_id, product_id, stock_quantity) VALUES ('131', '13', '72', '2');
INSERT INTO supplier_products (id, supplier_id, product_id, stock_quantity) VALUES ('132', '11', '71', '219');
INSERT INTO supplier_products (id, supplier_id, product_id, stock_quantity) VALUES ('133', '15', '65', '131');
INSERT INTO supplier_products (id, supplier_id, product_id, stock_quantity) VALUES ('134', '17', '62', '596');
INSERT INTO supplier_products (id, supplier_id, product_id, stock_quantity) VALUES ('135', '15', '63', '186');
INSERT INTO supplier_products (id, supplier_id, product_id, stock_quantity) VALUES ('136', '5', '29', '919');
INSERT INTO supplier_products (id, supplier_id, product_id, stock_quantity) VALUES ('137', '20', '20', '446');
INSERT INTO supplier_products (id, supplier_id, product_id, stock_quantity) VALUES ('138', '9', '61', '484');
INSERT INTO supplier_products (id, supplier_id, product_id, stock_quantity) VALUES ('139', '4', '60', '447');
INSERT INTO supplier_products (id, supplier_id, product_id, stock_quantity) VALUES ('140', '15', '12', '508');
INSERT INTO supplier_products (id, supplier_id, product_id, stock_quantity) VALUES ('141', '17', '23', '142');
INSERT INTO supplier_products (id, supplier_id, product_id, stock_quantity) VALUES ('142', '1', '52', '597');
INSERT INTO supplier_products (id, supplier_id, product_id, stock_quantity) VALUES ('143', '15', '47', '728');
INSERT INTO supplier_products (id, supplier_id, product_id, stock_quantity) VALUES ('144', '6', '71', '762');
INSERT INTO supplier_products (id, supplier_id, product_id, stock_quantity) VALUES ('145', '13', '33', '612');
INSERT INTO supplier_products (id, supplier_id, product_id, stock_quantity) VALUES ('146', '20', '71', '440');
INSERT INTO supplier_products (id, supplier_id, product_id, stock_quantity) VALUES ('147', '8', '57', '711');
INSERT INTO supplier_products (id, supplier_id, product_id, stock_quantity) VALUES ('148', '5', '74', '467');
INSERT INTO supplier_products (id, supplier_id, product_id, stock_quantity) VALUES ('149', '6', '37', '818');
INSERT INTO supplier_products (id, supplier_id, product_id, stock_quantity) VALUES ('150', '19', '16', '72');
INSERT INTO supplier_products (id, supplier_id, product_id, stock_quantity) VALUES ('151', '5', '55', '983');
INSERT INTO supplier_products (id, supplier_id, product_id, stock_quantity) VALUES ('152', '13', '93', '591');
INSERT INTO supplier_products (id, supplier_id, product_id, stock_quantity) VALUES ('153', '4', '10', '515');
INSERT INTO supplier_products (id, supplier_id, product_id, stock_quantity) VALUES ('154', '16', '55', '944');
INSERT INTO supplier_products (id, supplier_id, product_id, stock_quantity) VALUES ('155', '13', '18', '978');
INSERT INTO supplier_products (id, supplier_id, product_id, stock_quantity) VALUES ('156', '12', '40', '890');
INSERT INTO supplier_products (id, supplier_id, product_id, stock_quantity) VALUES ('157', '2', '18', '575');
INSERT INTO supplier_products (id, supplier_id, product_id, stock_quantity) VALUES ('158', '4', '5', '96');
INSERT INTO supplier_products (id, supplier_id, product_id, stock_quantity) VALUES ('159', '17', '96', '830');
INSERT INTO supplier_products (id, supplier_id, product_id, stock_quantity) VALUES ('160', '3', '92', '189');
INSERT INTO supplier_products (id, supplier_id, product_id, stock_quantity) VALUES ('161', '4', '38', '379');
INSERT INTO supplier_products (id, supplier_id, product_id, stock_quantity) VALUES ('162', '2', '59', '489');
INSERT INTO supplier_products (id, supplier_id, product_id, stock_quantity) VALUES ('163', '7', '94', '949');
INSERT INTO supplier_products (id, supplier_id, product_id, stock_quantity) VALUES ('164', '2', '41', '912');
INSERT INTO supplier_products (id, supplier_id, product_id, stock_quantity) VALUES ('165', '10', '63', '914');
INSERT INTO supplier_products (id, supplier_id, product_id, stock_quantity) VALUES ('166', '5', '82', '916');
INSERT INTO supplier_products (id, supplier_id, product_id, stock_quantity) VALUES ('167', '20', '71', '734');
INSERT INTO supplier_products (id, supplier_id, product_id, stock_quantity) VALUES ('168', '2', '8', '460');
INSERT INTO supplier_products (id, supplier_id, product_id, stock_quantity) VALUES ('169', '20', '45', '622');
INSERT INTO supplier_products (id, supplier_id, product_id, stock_quantity) VALUES ('170', '19', '66', '252');
INSERT INTO supplier_products (id, supplier_id, product_id, stock_quantity) VALUES ('171', '6', '72', '507');
INSERT INTO supplier_products (id, supplier_id, product_id, stock_quantity) VALUES ('172', '14', '69', '88');
INSERT INTO supplier_products (id, supplier_id, product_id, stock_quantity) VALUES ('173', '20', '91', '778');
INSERT INTO supplier_products (id, supplier_id, product_id, stock_quantity) VALUES ('174', '8', '34', '569');
INSERT INTO supplier_products (id, supplier_id, product_id, stock_quantity) VALUES ('175', '1', '30', '523');
INSERT INTO supplier_products (id, supplier_id, product_id, stock_quantity) VALUES ('176', '14', '6', '536');
INSERT INTO supplier_products (id, supplier_id, product_id, stock_quantity) VALUES ('177', '9', '55', '378');
INSERT INTO supplier_products (id, supplier_id, product_id, stock_quantity) VALUES ('178', '16', '99', '315');
INSERT INTO supplier_products (id, supplier_id, product_id, stock_quantity) VALUES ('179', '5', '79', '285');
INSERT INTO supplier_products (id, supplier_id, product_id, stock_quantity) VALUES ('180', '6', '92', '452');
INSERT INTO supplier_products (id, supplier_id, product_id, stock_quantity) VALUES ('181', '19', '3', '17');
INSERT INTO supplier_products (id, supplier_id, product_id, stock_quantity) VALUES ('182', '6', '32', '247');
INSERT INTO supplier_products (id, supplier_id, product_id, stock_quantity) VALUES ('183', '18', '6', '41');
INSERT INTO supplier_products (id, supplier_id, product_id, stock_quantity) VALUES ('184', '14', '25', '407');
INSERT INTO supplier_products (id, supplier_id, product_id, stock_quantity) VALUES ('185', '10', '17', '401');
INSERT INTO supplier_products (id, supplier_id, product_id, stock_quantity) VALUES ('186', '10', '19', '371');
INSERT INTO supplier_products (id, supplier_id, product_id, stock_quantity) VALUES ('187', '18', '98', '352');
INSERT INTO supplier_products (id, supplier_id, product_id, stock_quantity) VALUES ('188', '12', '12', '212');
INSERT INTO supplier_products (id, supplier_id, product_id, stock_quantity) VALUES ('189', '3', '93', '554');
INSERT INTO supplier_products (id, supplier_id, product_id, stock_quantity) VALUES ('190', '18', '45', '196');
INSERT INTO supplier_products (id, supplier_id, product_id, stock_quantity) VALUES ('191', '1', '52', '242');
INSERT INTO supplier_products (id, supplier_id, product_id, stock_quantity) VALUES ('192', '4', '5', '962');
INSERT INTO supplier_products (id, supplier_id, product_id, stock_quantity) VALUES ('193', '15', '82', '497');
INSERT INTO supplier_products (id, supplier_id, product_id, stock_quantity) VALUES ('194', '4', '29', '244');
INSERT INTO supplier_products (id, supplier_id, product_id, stock_quantity) VALUES ('195', '4', '79', '959');
INSERT INTO supplier_products (id, supplier_id, product_id, stock_quantity) VALUES ('196', '11', '70', '389');
INSERT INTO supplier_products (id, supplier_id, product_id, stock_quantity) VALUES ('197', '5', '99', '27');
INSERT INTO supplier_products (id, supplier_id, product_id, stock_quantity) VALUES ('198', '20', '64', '800');
INSERT INTO supplier_products (id, supplier_id, product_id, stock_quantity) VALUES ('199', '2', '95', '706');
INSERT INTO supplier_products (id, supplier_id, product_id, stock_quantity) VALUES ('200', '8', '87', '54');


-- Table: orders
CREATE TABLE orders (id TEXT, customer_id TEXT, order_date TEXT, status TEXT, total_amount TEXT);
INSERT INTO orders (id, customer_id, order_date, status, total_amount) VALUES ('1', '50', '2024-09-18 07:58:43', 'mother', '67.38');
INSERT INTO orders (id, customer_id, order_date, status, total_amount) VALUES ('2', '34', '2024-09-10 16:25:03', 'lose', '59.54');
INSERT INTO orders (id, customer_id, order_date, status, total_amount) VALUES ('3', '35', '2025-06-13 05:23:20', 'again', '83.92');
INSERT INTO orders (id, customer_id, order_date, status, total_amount) VALUES ('4', '37', '2025-01-30 10:59:28', 'threat', '57.72');
INSERT INTO orders (id, customer_id, order_date, status, total_amount) VALUES ('5', '6', '2025-03-14 22:09:12', 'son', '12.96');
INSERT INTO orders (id, customer_id, order_date, status, total_amount) VALUES ('6', '20', '2024-07-27 02:31:09', 'tax', '53.84');
INSERT INTO orders (id, customer_id, order_date, status, total_amount) VALUES ('7', '22', '2024-10-20 16:53:36', 'summer', '12.14');
INSERT INTO orders (id, customer_id, order_date, status, total_amount) VALUES ('8', '13', '2025-05-27 02:07:20', 'kid', '3.83');
INSERT INTO orders (id, customer_id, order_date, status, total_amount) VALUES ('9', '37', '2024-12-06 12:03:35', 'strong', '36.11');
INSERT INTO orders (id, customer_id, order_date, status, total_amount) VALUES ('10', '46', '2025-04-08 09:52:41', 'total', '35.81');
INSERT INTO orders (id, customer_id, order_date, status, total_amount) VALUES ('11', '15', '2025-02-12 16:12:58', 'discussion', '16.32');
INSERT INTO orders (id, customer_id, order_date, status, total_amount) VALUES ('12', '34', '2024-08-28 15:58:28', 'purpose', '53.88');
INSERT INTO orders (id, customer_id, order_date, status, total_amount) VALUES ('13', '50', '2024-07-28 15:27:44', 'whose', '20.64');
INSERT INTO orders (id, customer_id, order_date, status, total_amount) VALUES ('14', '20', '2025-03-26 02:09:19', 'what', '98.25');
INSERT INTO orders (id, customer_id, order_date, status, total_amount) VALUES ('15', '23', '2024-09-14 01:58:26', 'available', '97.52');
INSERT INTO orders (id, customer_id, order_date, status, total_amount) VALUES ('16', '2', '2024-10-22 11:05:22', 'trip', '64.77');
INSERT INTO orders (id, customer_id, order_date, status, total_amount) VALUES ('17', '41', '2024-07-26 02:57:24', 'pick', '28.79');
INSERT INTO orders (id, customer_id, order_date, status, total_amount) VALUES ('18', '23', '2025-04-21 05:55:01', 'perform', '68.1');
INSERT INTO orders (id, customer_id, order_date, status, total_amount) VALUES ('19', '36', '2025-04-27 13:23:52', 'lose', '7.53');
INSERT INTO orders (id, customer_id, order_date, status, total_amount) VALUES ('20', '24', '2024-11-08 11:22:59', 'physical', '29.93');
INSERT INTO orders (id, customer_id, order_date, status, total_amount) VALUES ('21', '21', '2025-06-09 08:24:35', 'nice', '77.58');
INSERT INTO orders (id, customer_id, order_date, status, total_amount) VALUES ('22', '26', '2025-01-06 20:21:33', 'however', '41.82');
INSERT INTO orders (id, customer_id, order_date, status, total_amount) VALUES ('23', '2', '2025-01-31 14:55:28', 'then', '62.46');
INSERT INTO orders (id, customer_id, order_date, status, total_amount) VALUES ('24', '37', '2024-07-23 07:04:17', 'process', '68.82');
INSERT INTO orders (id, customer_id, order_date, status, total_amount) VALUES ('25', '11', '2024-10-29 13:19:00', 'material', '26.05');
INSERT INTO orders (id, customer_id, order_date, status, total_amount) VALUES ('26', '37', '2024-12-31 16:53:22', 'employee', '51.68');
INSERT INTO orders (id, customer_id, order_date, status, total_amount) VALUES ('27', '42', '2024-10-31 07:27:08', 'everyone', '4.85');
INSERT INTO orders (id, customer_id, order_date, status, total_amount) VALUES ('28', '29', '2024-09-29 01:15:18', 'less', '37.22');
INSERT INTO orders (id, customer_id, order_date, status, total_amount) VALUES ('29', '19', '2025-06-30 23:59:46', 'cell', '48.54');
INSERT INTO orders (id, customer_id, order_date, status, total_amount) VALUES ('30', '41', '2025-03-06 16:39:02', 'nor', '6.13');
INSERT INTO orders (id, customer_id, order_date, status, total_amount) VALUES ('31', '19', '2025-06-25 02:16:18', 'against', '77.45');
INSERT INTO orders (id, customer_id, order_date, status, total_amount) VALUES ('32', '11', '2025-03-11 02:21:14', 'project', '90.14');
INSERT INTO orders (id, customer_id, order_date, status, total_amount) VALUES ('33', '44', '2024-11-23 20:49:03', 'commercial', '57.28');
INSERT INTO orders (id, customer_id, order_date, status, total_amount) VALUES ('34', '33', '2024-08-28 02:41:42', 'leave', '52.59');
INSERT INTO orders (id, customer_id, order_date, status, total_amount) VALUES ('35', '9', '2024-10-07 14:34:04', 'attack', '32.7');
INSERT INTO orders (id, customer_id, order_date, status, total_amount) VALUES ('36', '10', '2025-05-12 07:31:03', 'edge', '22.73');
INSERT INTO orders (id, customer_id, order_date, status, total_amount) VALUES ('37', '8', '2024-11-11 22:22:47', 'line', '12.58');
INSERT INTO orders (id, customer_id, order_date, status, total_amount) VALUES ('38', '20', '2025-05-25 15:32:47', 'bar', '8.78');
INSERT INTO orders (id, customer_id, order_date, status, total_amount) VALUES ('39', '11', '2025-02-11 08:15:39', 'story', '5.9');
INSERT INTO orders (id, customer_id, order_date, status, total_amount) VALUES ('40', '50', '2024-09-19 04:40:17', 'firm', '98.58');
INSERT INTO orders (id, customer_id, order_date, status, total_amount) VALUES ('41', '37', '2024-07-15 12:48:49', 'reality', '44.44');
INSERT INTO orders (id, customer_id, order_date, status, total_amount) VALUES ('42', '10', '2024-07-16 04:45:57', 'child', '86.35');
INSERT INTO orders (id, customer_id, order_date, status, total_amount) VALUES ('43', '41', '2024-07-04 05:25:14', 'American', '43.74');
INSERT INTO orders (id, customer_id, order_date, status, total_amount) VALUES ('44', '40', '2024-09-06 10:38:59', 'man', '41.85');
INSERT INTO orders (id, customer_id, order_date, status, total_amount) VALUES ('45', '15', '2024-11-12 18:25:16', 'oil', '26.34');
INSERT INTO orders (id, customer_id, order_date, status, total_amount) VALUES ('46', '10', '2025-03-12 17:39:08', 'message', '53.48');
INSERT INTO orders (id, customer_id, order_date, status, total_amount) VALUES ('47', '28', '2025-04-29 22:59:03', 'exist', '80.96');
INSERT INTO orders (id, customer_id, order_date, status, total_amount) VALUES ('48', '46', '2025-05-07 22:45:29', 'worker', '29.98');
INSERT INTO orders (id, customer_id, order_date, status, total_amount) VALUES ('49', '28', '2025-04-18 15:14:03', 'effect', '35.06');
INSERT INTO orders (id, customer_id, order_date, status, total_amount) VALUES ('50', '37', '2024-07-03 16:53:58', 'discussion', '55.9');
INSERT INTO orders (id, customer_id, order_date, status, total_amount) VALUES ('51', '11', '2024-11-24 08:06:10', 'mean', '13.32');
INSERT INTO orders (id, customer_id, order_date, status, total_amount) VALUES ('52', '8', '2025-02-03 06:22:44', 'several', '21.85');
INSERT INTO orders (id, customer_id, order_date, status, total_amount) VALUES ('53', '37', '2024-11-22 20:45:01', 'like', '45.99');
INSERT INTO orders (id, customer_id, order_date, status, total_amount) VALUES ('54', '6', '2024-07-10 16:21:42', 'former', '90.8');
INSERT INTO orders (id, customer_id, order_date, status, total_amount) VALUES ('55', '21', '2025-06-01 18:46:12', 'protect', '57.98');
INSERT INTO orders (id, customer_id, order_date, status, total_amount) VALUES ('56', '22', '2025-01-01 14:02:42', 'take', '18.05');
INSERT INTO orders (id, customer_id, order_date, status, total_amount) VALUES ('57', '10', '2024-09-22 15:35:42', 'raise', '71.44');
INSERT INTO orders (id, customer_id, order_date, status, total_amount) VALUES ('58', '7', '2025-06-08 04:08:10', 'truth', '91.43');
INSERT INTO orders (id, customer_id, order_date, status, total_amount) VALUES ('59', '39', '2024-12-12 23:14:40', 'half', '45.72');
INSERT INTO orders (id, customer_id, order_date, status, total_amount) VALUES ('60', '19', '2024-09-08 03:52:49', 'laugh', '54.46');
INSERT INTO orders (id, customer_id, order_date, status, total_amount) VALUES ('61', '8', '2024-10-17 17:15:38', 'could', '16.67');
INSERT INTO orders (id, customer_id, order_date, status, total_amount) VALUES ('62', '47', '2024-08-08 03:08:57', 'owner', '94.03');
INSERT INTO orders (id, customer_id, order_date, status, total_amount) VALUES ('63', '29', '2024-11-15 23:31:51', 'laugh', '75.05');
INSERT INTO orders (id, customer_id, order_date, status, total_amount) VALUES ('64', '38', '2024-12-24 08:20:35', 'really', '7.85');
INSERT INTO orders (id, customer_id, order_date, status, total_amount) VALUES ('65', '7', '2025-06-09 18:42:12', 'talk', '86.38');
INSERT INTO orders (id, customer_id, order_date, status, total_amount) VALUES ('66', '18', '2025-03-25 11:20:11', 'food', '92.17');
INSERT INTO orders (id, customer_id, order_date, status, total_amount) VALUES ('67', '21', '2024-10-21 01:55:49', 'vote', '38.65');
INSERT INTO orders (id, customer_id, order_date, status, total_amount) VALUES ('68', '23', '2025-02-07 19:23:09', 'scene', '71.98');
INSERT INTO orders (id, customer_id, order_date, status, total_amount) VALUES ('69', '46', '2025-05-14 20:32:50', 'again', '26.83');
INSERT INTO orders (id, customer_id, order_date, status, total_amount) VALUES ('70', '24', '2025-03-01 22:28:04', 'force', '49.51');
INSERT INTO orders (id, customer_id, order_date, status, total_amount) VALUES ('71', '43', '2025-05-11 03:52:16', 'administration', '24.49');
INSERT INTO orders (id, customer_id, order_date, status, total_amount) VALUES ('72', '33', '2025-04-24 13:02:26', 'station', '37.56');
INSERT INTO orders (id, customer_id, order_date, status, total_amount) VALUES ('73', '39', '2025-01-08 19:45:47', 'drug', '35.01');
INSERT INTO orders (id, customer_id, order_date, status, total_amount) VALUES ('74', '8', '2025-03-07 03:30:09', 'care', '83.33');
INSERT INTO orders (id, customer_id, order_date, status, total_amount) VALUES ('75', '37', '2025-04-06 20:33:50', 'party', '24.9');
INSERT INTO orders (id, customer_id, order_date, status, total_amount) VALUES ('76', '10', '2024-09-18 12:47:34', 'degree', '72.81');
INSERT INTO orders (id, customer_id, order_date, status, total_amount) VALUES ('77', '46', '2024-12-01 01:54:16', 'social', '13.5');
INSERT INTO orders (id, customer_id, order_date, status, total_amount) VALUES ('78', '35', '2024-07-15 12:49:16', 'bring', '68.19');
INSERT INTO orders (id, customer_id, order_date, status, total_amount) VALUES ('79', '24', '2025-03-09 03:19:30', 'bit', '68.43');
INSERT INTO orders (id, customer_id, order_date, status, total_amount) VALUES ('80', '30', '2024-07-04 07:40:52', 'note', '77.01');
INSERT INTO orders (id, customer_id, order_date, status, total_amount) VALUES ('81', '45', '2025-03-08 22:46:45', 'argue', '44.64');
INSERT INTO orders (id, customer_id, order_date, status, total_amount) VALUES ('82', '11', '2025-03-18 05:03:27', 'knowledge', '79.74');
INSERT INTO orders (id, customer_id, order_date, status, total_amount) VALUES ('83', '34', '2024-08-23 17:08:29', 'sign', '82.93');
INSERT INTO orders (id, customer_id, order_date, status, total_amount) VALUES ('84', '48', '2024-08-30 09:32:24', 'leg', '72.89');
INSERT INTO orders (id, customer_id, order_date, status, total_amount) VALUES ('85', '22', '2024-10-07 17:50:49', 'charge', '22.98');
INSERT INTO orders (id, customer_id, order_date, status, total_amount) VALUES ('86', '2', '2025-01-18 19:30:33', 'it', '56.54');
INSERT INTO orders (id, customer_id, order_date, status, total_amount) VALUES ('87', '9', '2024-09-15 12:22:30', 'music', '36.02');
INSERT INTO orders (id, customer_id, order_date, status, total_amount) VALUES ('88', '28', '2024-10-27 21:04:10', 'option', '55.85');
INSERT INTO orders (id, customer_id, order_date, status, total_amount) VALUES ('89', '37', '2024-09-16 14:41:15', 'these', '78.48');
INSERT INTO orders (id, customer_id, order_date, status, total_amount) VALUES ('90', '9', '2025-02-09 01:19:02', 'catch', '92.38');
INSERT INTO orders (id, customer_id, order_date, status, total_amount) VALUES ('91', '45', '2024-11-28 15:21:49', 'tend', '2.87');
INSERT INTO orders (id, customer_id, order_date, status, total_amount) VALUES ('92', '44', '2024-11-10 01:42:59', 'memory', '86.89');
INSERT INTO orders (id, customer_id, order_date, status, total_amount) VALUES ('93', '34', '2024-07-18 14:29:32', 'hope', '31.36');
INSERT INTO orders (id, customer_id, order_date, status, total_amount) VALUES ('94', '35', '2024-08-08 09:39:49', 'agree', '36.63');
INSERT INTO orders (id, customer_id, order_date, status, total_amount) VALUES ('95', '36', '2025-06-04 22:45:26', 'floor', '65.49');
INSERT INTO orders (id, customer_id, order_date, status, total_amount) VALUES ('96', '47', '2024-10-05 20:56:32', 'water', '78.82');
INSERT INTO orders (id, customer_id, order_date, status, total_amount) VALUES ('97', '10', '2025-03-25 02:27:19', 'occur', '86.33');
INSERT INTO orders (id, customer_id, order_date, status, total_amount) VALUES ('98', '29', '2024-08-17 01:04:26', 'white', '68.81');
INSERT INTO orders (id, customer_id, order_date, status, total_amount) VALUES ('99', '24', '2024-11-29 10:41:27', 'at', '66.12');
INSERT INTO orders (id, customer_id, order_date, status, total_amount) VALUES ('100', '10', '2025-07-01 12:24:43', 'time', '33.34');
INSERT INTO orders (id, customer_id, order_date, status, total_amount) VALUES ('101', '39', '2024-07-06 13:43:10', 'view', '98.49');
INSERT INTO orders (id, customer_id, order_date, status, total_amount) VALUES ('102', '21', '2025-02-25 05:48:23', 'particularly', '54.11');
INSERT INTO orders (id, customer_id, order_date, status, total_amount) VALUES ('103', '41', '2025-05-18 02:24:53', 'fight', '36.33');
INSERT INTO orders (id, customer_id, order_date, status, total_amount) VALUES ('104', '44', '2025-02-24 00:41:01', 'decision', '92.97');
INSERT INTO orders (id, customer_id, order_date, status, total_amount) VALUES ('105', '23', '2024-12-15 11:37:36', 'thousand', '16.38');
INSERT INTO orders (id, customer_id, order_date, status, total_amount) VALUES ('106', '22', '2024-08-22 05:46:06', 'throw', '62.73');
INSERT INTO orders (id, customer_id, order_date, status, total_amount) VALUES ('107', '25', '2024-09-21 05:56:29', 'gun', '29.52');
INSERT INTO orders (id, customer_id, order_date, status, total_amount) VALUES ('108', '37', '2024-10-23 20:44:28', 'light', '85.95');
INSERT INTO orders (id, customer_id, order_date, status, total_amount) VALUES ('109', '10', '2024-08-11 21:01:58', 'city', '68.32');
INSERT INTO orders (id, customer_id, order_date, status, total_amount) VALUES ('110', '43', '2025-03-11 09:08:57', 'commercial', '40.02');
INSERT INTO orders (id, customer_id, order_date, status, total_amount) VALUES ('111', '3', '2025-02-27 13:15:34', 'here', '36.33');
INSERT INTO orders (id, customer_id, order_date, status, total_amount) VALUES ('112', '40', '2025-05-10 08:45:00', 'agree', '22.44');
INSERT INTO orders (id, customer_id, order_date, status, total_amount) VALUES ('113', '30', '2025-01-22 05:57:01', 'former', '22.88');
INSERT INTO orders (id, customer_id, order_date, status, total_amount) VALUES ('114', '1', '2025-04-19 15:08:51', 'effort', '93.24');
INSERT INTO orders (id, customer_id, order_date, status, total_amount) VALUES ('115', '4', '2025-03-03 11:33:02', 'challenge', '46.38');
INSERT INTO orders (id, customer_id, order_date, status, total_amount) VALUES ('116', '24', '2024-08-28 04:24:38', 'cover', '98.98');
INSERT INTO orders (id, customer_id, order_date, status, total_amount) VALUES ('117', '20', '2025-01-14 00:24:53', 'require', '89.32');
INSERT INTO orders (id, customer_id, order_date, status, total_amount) VALUES ('118', '27', '2024-09-18 13:44:27', 'suddenly', '57.69');
INSERT INTO orders (id, customer_id, order_date, status, total_amount) VALUES ('119', '25', '2025-04-17 00:25:58', 'leave', '1.93');
INSERT INTO orders (id, customer_id, order_date, status, total_amount) VALUES ('120', '19', '2024-09-12 04:38:30', 'born', '91.39');
INSERT INTO orders (id, customer_id, order_date, status, total_amount) VALUES ('121', '32', '2024-09-09 15:56:51', 'continue', '77.93');
INSERT INTO orders (id, customer_id, order_date, status, total_amount) VALUES ('122', '2', '2025-02-16 08:22:06', 'moment', '73.58');
INSERT INTO orders (id, customer_id, order_date, status, total_amount) VALUES ('123', '6', '2025-04-12 20:15:04', 'particularly', '76.77');
INSERT INTO orders (id, customer_id, order_date, status, total_amount) VALUES ('124', '25', '2024-07-24 04:58:13', 'party', '19.5');
INSERT INTO orders (id, customer_id, order_date, status, total_amount) VALUES ('125', '33', '2025-05-19 08:03:41', 'research', '82.54');
INSERT INTO orders (id, customer_id, order_date, status, total_amount) VALUES ('126', '33', '2024-07-08 09:40:06', 'whole', '31.58');
INSERT INTO orders (id, customer_id, order_date, status, total_amount) VALUES ('127', '43', '2025-05-20 10:28:22', 'term', '61.8');
INSERT INTO orders (id, customer_id, order_date, status, total_amount) VALUES ('128', '29', '2025-03-17 20:38:40', 'position', '82.89');
INSERT INTO orders (id, customer_id, order_date, status, total_amount) VALUES ('129', '8', '2024-08-09 15:41:32', 'manage', '87.48');
INSERT INTO orders (id, customer_id, order_date, status, total_amount) VALUES ('130', '28', '2024-08-11 05:33:24', 'hour', '5.73');
INSERT INTO orders (id, customer_id, order_date, status, total_amount) VALUES ('131', '50', '2024-07-14 18:29:06', 'able', '55.84');
INSERT INTO orders (id, customer_id, order_date, status, total_amount) VALUES ('132', '4', '2024-08-12 07:27:42', 'often', '94.03');
INSERT INTO orders (id, customer_id, order_date, status, total_amount) VALUES ('133', '23', '2025-03-02 10:21:17', 'couple', '20.89');
INSERT INTO orders (id, customer_id, order_date, status, total_amount) VALUES ('134', '19', '2025-05-12 06:41:48', 'true', '58.69');
INSERT INTO orders (id, customer_id, order_date, status, total_amount) VALUES ('135', '38', '2024-10-31 21:58:10', 'product', '21.83');
INSERT INTO orders (id, customer_id, order_date, status, total_amount) VALUES ('136', '11', '2024-08-13 13:55:41', 'compare', '24.9');
INSERT INTO orders (id, customer_id, order_date, status, total_amount) VALUES ('137', '24', '2025-05-19 17:08:38', 'security', '17.61');
INSERT INTO orders (id, customer_id, order_date, status, total_amount) VALUES ('138', '23', '2024-07-27 19:35:03', 'charge', '14.93');
INSERT INTO orders (id, customer_id, order_date, status, total_amount) VALUES ('139', '30', '2025-03-21 05:25:38', 'policy', '14.3');
INSERT INTO orders (id, customer_id, order_date, status, total_amount) VALUES ('140', '34', '2024-11-07 00:49:31', 'outside', '11.83');
INSERT INTO orders (id, customer_id, order_date, status, total_amount) VALUES ('141', '6', '2025-01-07 18:13:00', 'itself', '67.99');
INSERT INTO orders (id, customer_id, order_date, status, total_amount) VALUES ('142', '39', '2025-02-25 09:01:45', 'anything', '80.02');
INSERT INTO orders (id, customer_id, order_date, status, total_amount) VALUES ('143', '35', '2025-06-24 22:38:19', 'fear', '96.2');
INSERT INTO orders (id, customer_id, order_date, status, total_amount) VALUES ('144', '12', '2024-07-27 07:24:14', 'catch', '41.77');
INSERT INTO orders (id, customer_id, order_date, status, total_amount) VALUES ('145', '25', '2025-07-01 20:51:29', 'under', '18.01');
INSERT INTO orders (id, customer_id, order_date, status, total_amount) VALUES ('146', '20', '2024-11-19 12:02:33', 'response', '31.92');
INSERT INTO orders (id, customer_id, order_date, status, total_amount) VALUES ('147', '38', '2024-12-02 15:56:23', 'occur', '26.68');
INSERT INTO orders (id, customer_id, order_date, status, total_amount) VALUES ('148', '16', '2025-05-18 03:47:33', 'trade', '6.32');
INSERT INTO orders (id, customer_id, order_date, status, total_amount) VALUES ('149', '41', '2024-08-23 13:35:44', 'grow', '65.46');
INSERT INTO orders (id, customer_id, order_date, status, total_amount) VALUES ('150', '48', '2024-10-30 04:33:48', 'win', '14.37');
INSERT INTO orders (id, customer_id, order_date, status, total_amount) VALUES ('151', '34', '2025-06-04 03:12:28', 'among', '88.1');
INSERT INTO orders (id, customer_id, order_date, status, total_amount) VALUES ('152', '14', '2025-05-23 17:41:10', 'usually', '32.81');
INSERT INTO orders (id, customer_id, order_date, status, total_amount) VALUES ('153', '4', '2025-05-09 20:48:50', 'economic', '27.67');
INSERT INTO orders (id, customer_id, order_date, status, total_amount) VALUES ('154', '43', '2025-04-08 19:29:18', 'him', '66.93');
INSERT INTO orders (id, customer_id, order_date, status, total_amount) VALUES ('155', '48', '2025-04-11 22:49:31', 'without', '87.08');
INSERT INTO orders (id, customer_id, order_date, status, total_amount) VALUES ('156', '3', '2025-02-28 18:56:18', 'language', '55.69');
INSERT INTO orders (id, customer_id, order_date, status, total_amount) VALUES ('157', '6', '2024-07-11 12:57:41', 'economy', '72.41');
INSERT INTO orders (id, customer_id, order_date, status, total_amount) VALUES ('158', '4', '2024-09-14 04:14:26', 'focus', '42.21');
INSERT INTO orders (id, customer_id, order_date, status, total_amount) VALUES ('159', '21', '2025-04-21 05:37:16', 'compare', '75.8');
INSERT INTO orders (id, customer_id, order_date, status, total_amount) VALUES ('160', '8', '2024-08-22 01:07:14', 'Mr', '28.49');
INSERT INTO orders (id, customer_id, order_date, status, total_amount) VALUES ('161', '1', '2025-01-04 07:00:11', 'would', '86.19');
INSERT INTO orders (id, customer_id, order_date, status, total_amount) VALUES ('162', '5', '2025-03-11 07:41:12', 'pattern', '89.56');
INSERT INTO orders (id, customer_id, order_date, status, total_amount) VALUES ('163', '1', '2025-05-03 17:23:50', 'little', '73.23');
INSERT INTO orders (id, customer_id, order_date, status, total_amount) VALUES ('164', '22', '2025-01-22 18:08:13', 'wind', '16.89');
INSERT INTO orders (id, customer_id, order_date, status, total_amount) VALUES ('165', '47', '2025-02-13 03:54:01', 'north', '29.24');
INSERT INTO orders (id, customer_id, order_date, status, total_amount) VALUES ('166', '6', '2024-08-02 16:24:56', 'debate', '75.21');
INSERT INTO orders (id, customer_id, order_date, status, total_amount) VALUES ('167', '13', '2025-02-22 13:51:58', 'different', '42.13');
INSERT INTO orders (id, customer_id, order_date, status, total_amount) VALUES ('168', '43', '2025-02-26 22:47:13', 'head', '35.77');
INSERT INTO orders (id, customer_id, order_date, status, total_amount) VALUES ('169', '21', '2025-05-01 19:59:07', 'let', '40.75');
INSERT INTO orders (id, customer_id, order_date, status, total_amount) VALUES ('170', '18', '2024-09-04 05:47:52', 'than', '71.14');
INSERT INTO orders (id, customer_id, order_date, status, total_amount) VALUES ('171', '15', '2025-04-22 02:42:19', 'clearly', '55.26');
INSERT INTO orders (id, customer_id, order_date, status, total_amount) VALUES ('172', '12', '2024-07-13 12:11:49', 'my', '35.34');
INSERT INTO orders (id, customer_id, order_date, status, total_amount) VALUES ('173', '18', '2024-10-13 01:21:14', 'girl', '78.41');
INSERT INTO orders (id, customer_id, order_date, status, total_amount) VALUES ('174', '39', '2024-08-21 10:34:41', 'find', '52.29');
INSERT INTO orders (id, customer_id, order_date, status, total_amount) VALUES ('175', '14', '2025-05-20 13:31:44', 'yes', '21.36');
INSERT INTO orders (id, customer_id, order_date, status, total_amount) VALUES ('176', '39', '2025-02-02 01:42:38', 'simple', '39.15');
INSERT INTO orders (id, customer_id, order_date, status, total_amount) VALUES ('177', '40', '2024-10-29 22:17:58', 'sea', '1.71');
INSERT INTO orders (id, customer_id, order_date, status, total_amount) VALUES ('178', '45', '2025-03-04 05:34:15', 'store', '44.48');
INSERT INTO orders (id, customer_id, order_date, status, total_amount) VALUES ('179', '25', '2025-04-26 10:15:00', 'authority', '58.74');
INSERT INTO orders (id, customer_id, order_date, status, total_amount) VALUES ('180', '29', '2024-07-09 12:28:22', 'Republican', '33.74');
INSERT INTO orders (id, customer_id, order_date, status, total_amount) VALUES ('181', '29', '2025-01-08 15:29:42', 'early', '66.34');
INSERT INTO orders (id, customer_id, order_date, status, total_amount) VALUES ('182', '15', '2024-08-02 03:25:43', 'protect', '57.88');
INSERT INTO orders (id, customer_id, order_date, status, total_amount) VALUES ('183', '26', '2025-03-04 02:29:48', 'follow', '5.9');
INSERT INTO orders (id, customer_id, order_date, status, total_amount) VALUES ('184', '42', '2025-04-03 05:01:00', 'long', '70.46');
INSERT INTO orders (id, customer_id, order_date, status, total_amount) VALUES ('185', '47', '2024-09-28 11:43:39', 'ball', '55.54');
INSERT INTO orders (id, customer_id, order_date, status, total_amount) VALUES ('186', '44', '2024-12-23 02:16:03', 'carry', '10.26');
INSERT INTO orders (id, customer_id, order_date, status, total_amount) VALUES ('187', '39', '2024-11-01 06:06:52', 'wrong', '85.98');
INSERT INTO orders (id, customer_id, order_date, status, total_amount) VALUES ('188', '26', '2024-08-29 09:42:31', 'create', '64.74');
INSERT INTO orders (id, customer_id, order_date, status, total_amount) VALUES ('189', '48', '2024-09-01 08:29:08', 'less', '36.6');
INSERT INTO orders (id, customer_id, order_date, status, total_amount) VALUES ('190', '24', '2025-05-31 21:24:00', 'environmental', '72.55');
INSERT INTO orders (id, customer_id, order_date, status, total_amount) VALUES ('191', '34', '2024-10-09 02:55:32', 'someone', '18.66');
INSERT INTO orders (id, customer_id, order_date, status, total_amount) VALUES ('192', '29', '2025-02-14 08:31:06', 'huge', '73.78');
INSERT INTO orders (id, customer_id, order_date, status, total_amount) VALUES ('193', '1', '2025-02-06 18:49:31', 'decide', '39.17');
INSERT INTO orders (id, customer_id, order_date, status, total_amount) VALUES ('194', '32', '2024-12-12 11:26:35', 'while', '53.38');
INSERT INTO orders (id, customer_id, order_date, status, total_amount) VALUES ('195', '13', '2025-01-12 14:38:54', 'service', '32.67');
INSERT INTO orders (id, customer_id, order_date, status, total_amount) VALUES ('196', '47', '2025-03-15 16:16:39', 'face', '8.42');
INSERT INTO orders (id, customer_id, order_date, status, total_amount) VALUES ('197', '26', '2025-02-04 17:00:15', 'garden', '67.21');
INSERT INTO orders (id, customer_id, order_date, status, total_amount) VALUES ('198', '36', '2024-07-09 01:42:33', 'although', '35.71');
INSERT INTO orders (id, customer_id, order_date, status, total_amount) VALUES ('199', '10', '2024-11-15 08:10:00', 'seem', '9.21');
INSERT INTO orders (id, customer_id, order_date, status, total_amount) VALUES ('200', '18', '2025-06-02 00:08:54', 'seem', '13.61');
INSERT INTO orders (id, customer_id, order_date, status, total_amount) VALUES ('201', '48', '2024-08-19 16:06:37', 'charge', '69.72');
INSERT INTO orders (id, customer_id, order_date, status, total_amount) VALUES ('202', '44', '2025-04-23 13:28:17', 'board', '86.11');
INSERT INTO orders (id, customer_id, order_date, status, total_amount) VALUES ('203', '15', '2024-12-25 07:49:46', 'safe', '17.69');
INSERT INTO orders (id, customer_id, order_date, status, total_amount) VALUES ('204', '40', '2024-12-08 02:29:07', 'together', '71.92');
INSERT INTO orders (id, customer_id, order_date, status, total_amount) VALUES ('205', '16', '2025-03-03 00:09:30', 'seat', '62.01');
INSERT INTO orders (id, customer_id, order_date, status, total_amount) VALUES ('206', '49', '2025-02-07 02:44:05', 'affect', '93.25');
INSERT INTO orders (id, customer_id, order_date, status, total_amount) VALUES ('207', '31', '2025-04-30 13:44:12', 'happy', '92.5');
INSERT INTO orders (id, customer_id, order_date, status, total_amount) VALUES ('208', '45', '2024-12-05 00:22:57', 'compare', '69.75');
INSERT INTO orders (id, customer_id, order_date, status, total_amount) VALUES ('209', '38', '2025-06-10 04:35:34', 'happy', '64.83');
INSERT INTO orders (id, customer_id, order_date, status, total_amount) VALUES ('210', '48', '2024-10-28 07:58:39', 'high', '62.37');
INSERT INTO orders (id, customer_id, order_date, status, total_amount) VALUES ('211', '7', '2025-03-14 08:30:30', 'agree', '19.98');
INSERT INTO orders (id, customer_id, order_date, status, total_amount) VALUES ('212', '9', '2025-03-24 20:00:16', 'collection', '36.18');
INSERT INTO orders (id, customer_id, order_date, status, total_amount) VALUES ('213', '22', '2025-04-17 09:24:21', 'method', '15.03');
INSERT INTO orders (id, customer_id, order_date, status, total_amount) VALUES ('214', '3', '2024-12-09 11:06:11', 'able', '63.51');
INSERT INTO orders (id, customer_id, order_date, status, total_amount) VALUES ('215', '38', '2025-05-10 15:30:02', 'reason', '5.87');
INSERT INTO orders (id, customer_id, order_date, status, total_amount) VALUES ('216', '20', '2025-02-11 23:43:01', 'treatment', '53.56');
INSERT INTO orders (id, customer_id, order_date, status, total_amount) VALUES ('217', '26', '2024-08-27 13:23:31', 'establish', '64.02');
INSERT INTO orders (id, customer_id, order_date, status, total_amount) VALUES ('218', '21', '2025-01-22 16:26:30', 'herself', '27.82');
INSERT INTO orders (id, customer_id, order_date, status, total_amount) VALUES ('219', '48', '2024-09-20 22:10:02', 'table', '60.96');
INSERT INTO orders (id, customer_id, order_date, status, total_amount) VALUES ('220', '1', '2024-09-22 22:55:12', 'section', '93.27');
INSERT INTO orders (id, customer_id, order_date, status, total_amount) VALUES ('221', '38', '2024-09-09 07:22:38', 'follow', '36.92');
INSERT INTO orders (id, customer_id, order_date, status, total_amount) VALUES ('222', '21', '2025-04-25 10:55:21', 'hour', '69.98');
INSERT INTO orders (id, customer_id, order_date, status, total_amount) VALUES ('223', '1', '2024-10-01 00:53:39', 'partner', '49.34');
INSERT INTO orders (id, customer_id, order_date, status, total_amount) VALUES ('224', '42', '2025-05-08 10:54:29', 'threat', '36.13');
INSERT INTO orders (id, customer_id, order_date, status, total_amount) VALUES ('225', '20', '2024-08-10 04:51:00', 'young', '58.02');
INSERT INTO orders (id, customer_id, order_date, status, total_amount) VALUES ('226', '41', '2025-03-20 14:47:10', 'major', '28.29');
INSERT INTO orders (id, customer_id, order_date, status, total_amount) VALUES ('227', '11', '2025-05-17 17:59:23', 'son', '17.54');
INSERT INTO orders (id, customer_id, order_date, status, total_amount) VALUES ('228', '36', '2025-02-06 18:03:02', 'start', '91.54');
INSERT INTO orders (id, customer_id, order_date, status, total_amount) VALUES ('229', '20', '2024-08-04 22:20:31', 'serve', '96.43');
INSERT INTO orders (id, customer_id, order_date, status, total_amount) VALUES ('230', '40', '2025-03-04 03:14:38', 'very', '87.7');
INSERT INTO orders (id, customer_id, order_date, status, total_amount) VALUES ('231', '9', '2025-02-22 14:41:08', 'town', '20.8');
INSERT INTO orders (id, customer_id, order_date, status, total_amount) VALUES ('232', '50', '2024-11-22 23:56:23', 'only', '90.4');
INSERT INTO orders (id, customer_id, order_date, status, total_amount) VALUES ('233', '49', '2024-07-07 08:25:46', 'eight', '71.84');
INSERT INTO orders (id, customer_id, order_date, status, total_amount) VALUES ('234', '15', '2025-01-05 14:02:19', 'story', '84.72');
INSERT INTO orders (id, customer_id, order_date, status, total_amount) VALUES ('235', '20', '2025-02-24 13:20:47', 'movement', '72.61');
INSERT INTO orders (id, customer_id, order_date, status, total_amount) VALUES ('236', '24', '2025-06-18 02:25:55', 'also', '79.94');
INSERT INTO orders (id, customer_id, order_date, status, total_amount) VALUES ('237', '40', '2025-05-21 19:23:57', 'explain', '53.71');
INSERT INTO orders (id, customer_id, order_date, status, total_amount) VALUES ('238', '22', '2025-06-08 22:59:51', 'sort', '99.01');
INSERT INTO orders (id, customer_id, order_date, status, total_amount) VALUES ('239', '46', '2025-03-27 00:28:18', 'drop', '44.65');
INSERT INTO orders (id, customer_id, order_date, status, total_amount) VALUES ('240', '28', '2024-12-25 02:59:29', 'occur', '88.04');
INSERT INTO orders (id, customer_id, order_date, status, total_amount) VALUES ('241', '49', '2025-01-16 04:50:39', 'threat', '47.53');
INSERT INTO orders (id, customer_id, order_date, status, total_amount) VALUES ('242', '25', '2024-08-11 10:46:54', 'experience', '49.85');
INSERT INTO orders (id, customer_id, order_date, status, total_amount) VALUES ('243', '31', '2024-11-07 04:47:27', 'produce', '53.33');
INSERT INTO orders (id, customer_id, order_date, status, total_amount) VALUES ('244', '36', '2025-04-01 14:26:38', 'fill', '27.63');
INSERT INTO orders (id, customer_id, order_date, status, total_amount) VALUES ('245', '5', '2024-09-11 11:54:34', 'hit', '3.96');
INSERT INTO orders (id, customer_id, order_date, status, total_amount) VALUES ('246', '17', '2025-06-09 20:34:34', 'senior', '7.23');
INSERT INTO orders (id, customer_id, order_date, status, total_amount) VALUES ('247', '41', '2024-10-25 19:15:02', 'use', '29.11');
INSERT INTO orders (id, customer_id, order_date, status, total_amount) VALUES ('248', '10', '2024-08-19 09:15:45', 'compare', '15.43');
INSERT INTO orders (id, customer_id, order_date, status, total_amount) VALUES ('249', '21', '2024-09-21 05:25:13', 'action', '87.92');
INSERT INTO orders (id, customer_id, order_date, status, total_amount) VALUES ('250', '33', '2025-06-23 11:54:20', 'open', '80.1');
INSERT INTO orders (id, customer_id, order_date, status, total_amount) VALUES ('251', '21', '2025-05-25 01:57:00', 'gun', '18.92');
INSERT INTO orders (id, customer_id, order_date, status, total_amount) VALUES ('252', '2', '2025-04-25 20:24:35', 'drop', '15.02');
INSERT INTO orders (id, customer_id, order_date, status, total_amount) VALUES ('253', '16', '2025-04-23 00:18:31', 'tax', '26.26');
INSERT INTO orders (id, customer_id, order_date, status, total_amount) VALUES ('254', '2', '2024-08-04 00:59:33', 'himself', '16.09');
INSERT INTO orders (id, customer_id, order_date, status, total_amount) VALUES ('255', '34', '2024-12-23 17:41:59', 'him', '25.36');
INSERT INTO orders (id, customer_id, order_date, status, total_amount) VALUES ('256', '5', '2025-01-01 09:57:43', 'arrive', '2.81');
INSERT INTO orders (id, customer_id, order_date, status, total_amount) VALUES ('257', '19', '2024-07-13 18:36:34', 'exactly', '2.97');
INSERT INTO orders (id, customer_id, order_date, status, total_amount) VALUES ('258', '2', '2024-08-12 08:40:29', 'to', '40.41');
INSERT INTO orders (id, customer_id, order_date, status, total_amount) VALUES ('259', '3', '2024-08-22 00:09:32', 'the', '44.5');
INSERT INTO orders (id, customer_id, order_date, status, total_amount) VALUES ('260', '5', '2025-04-04 08:30:01', 'we', '86.2');
INSERT INTO orders (id, customer_id, order_date, status, total_amount) VALUES ('261', '50', '2024-11-12 00:38:53', 'because', '95.68');
INSERT INTO orders (id, customer_id, order_date, status, total_amount) VALUES ('262', '24', '2025-01-17 22:23:52', 'wind', '61.87');
INSERT INTO orders (id, customer_id, order_date, status, total_amount) VALUES ('263', '26', '2025-07-01 08:26:31', 'indeed', '70.49');
INSERT INTO orders (id, customer_id, order_date, status, total_amount) VALUES ('264', '17', '2024-08-31 14:17:43', 'kind', '38.23');
INSERT INTO orders (id, customer_id, order_date, status, total_amount) VALUES ('265', '12', '2025-06-25 02:50:01', 'everybody', '53.65');
INSERT INTO orders (id, customer_id, order_date, status, total_amount) VALUES ('266', '35', '2024-08-23 05:14:51', 'she', '48.73');
INSERT INTO orders (id, customer_id, order_date, status, total_amount) VALUES ('267', '45', '2025-06-27 21:00:31', 'level', '97.65');
INSERT INTO orders (id, customer_id, order_date, status, total_amount) VALUES ('268', '49', '2024-07-19 21:35:47', 'rather', '7.08');
INSERT INTO orders (id, customer_id, order_date, status, total_amount) VALUES ('269', '32', '2024-09-22 21:41:09', 'voice', '22.25');
INSERT INTO orders (id, customer_id, order_date, status, total_amount) VALUES ('270', '36', '2024-11-03 11:58:32', 'job', '65.93');
INSERT INTO orders (id, customer_id, order_date, status, total_amount) VALUES ('271', '44', '2024-08-06 10:38:50', 'approach', '67.63');
INSERT INTO orders (id, customer_id, order_date, status, total_amount) VALUES ('272', '22', '2024-08-29 04:01:25', 'perform', '18.18');
INSERT INTO orders (id, customer_id, order_date, status, total_amount) VALUES ('273', '36', '2024-11-15 17:38:24', 'speech', '25.82');
INSERT INTO orders (id, customer_id, order_date, status, total_amount) VALUES ('274', '28', '2025-06-03 20:52:09', 'road', '27.69');
INSERT INTO orders (id, customer_id, order_date, status, total_amount) VALUES ('275', '25', '2025-03-15 06:16:57', 'bring', '45.87');
INSERT INTO orders (id, customer_id, order_date, status, total_amount) VALUES ('276', '45', '2025-02-11 07:37:41', 'and', '57.78');
INSERT INTO orders (id, customer_id, order_date, status, total_amount) VALUES ('277', '45', '2024-09-06 17:42:00', 'town', '62.78');
INSERT INTO orders (id, customer_id, order_date, status, total_amount) VALUES ('278', '37', '2024-12-23 08:07:50', 'paper', '71.77');
INSERT INTO orders (id, customer_id, order_date, status, total_amount) VALUES ('279', '48', '2024-08-30 18:32:05', 'wife', '26.96');
INSERT INTO orders (id, customer_id, order_date, status, total_amount) VALUES ('280', '28', '2025-05-16 17:27:26', 'beyond', '52.45');
INSERT INTO orders (id, customer_id, order_date, status, total_amount) VALUES ('281', '39', '2024-07-11 03:32:14', 'sell', '53.53');
INSERT INTO orders (id, customer_id, order_date, status, total_amount) VALUES ('282', '3', '2024-12-03 16:57:14', 'teach', '96.11');
INSERT INTO orders (id, customer_id, order_date, status, total_amount) VALUES ('283', '40', '2025-03-24 10:11:04', 'represent', '15.97');
INSERT INTO orders (id, customer_id, order_date, status, total_amount) VALUES ('284', '19', '2025-04-11 12:20:51', 'hold', '59.2');
INSERT INTO orders (id, customer_id, order_date, status, total_amount) VALUES ('285', '1', '2024-12-13 16:48:41', 'such', '29.59');
INSERT INTO orders (id, customer_id, order_date, status, total_amount) VALUES ('286', '8', '2024-12-16 06:52:43', 'business', '61.58');
INSERT INTO orders (id, customer_id, order_date, status, total_amount) VALUES ('287', '8', '2024-08-29 15:04:40', 'pretty', '75.79');
INSERT INTO orders (id, customer_id, order_date, status, total_amount) VALUES ('288', '9', '2025-05-17 01:10:43', 'citizen', '80.31');
INSERT INTO orders (id, customer_id, order_date, status, total_amount) VALUES ('289', '47', '2024-07-22 03:52:48', 'glass', '48.84');
INSERT INTO orders (id, customer_id, order_date, status, total_amount) VALUES ('290', '30', '2024-09-02 21:26:56', 'system', '54.8');
INSERT INTO orders (id, customer_id, order_date, status, total_amount) VALUES ('291', '8', '2024-07-06 01:30:37', 'trade', '27.82');
INSERT INTO orders (id, customer_id, order_date, status, total_amount) VALUES ('292', '41', '2025-02-25 18:30:25', 'month', '49.44');
INSERT INTO orders (id, customer_id, order_date, status, total_amount) VALUES ('293', '1', '2025-03-11 17:05:28', 'certain', '12.69');
INSERT INTO orders (id, customer_id, order_date, status, total_amount) VALUES ('294', '4', '2024-09-30 01:50:51', 'game', '4.74');
INSERT INTO orders (id, customer_id, order_date, status, total_amount) VALUES ('295', '19', '2024-12-01 08:18:40', 'recently', '81.85');
INSERT INTO orders (id, customer_id, order_date, status, total_amount) VALUES ('296', '27', '2024-08-31 17:14:45', 'collection', '51.45');
INSERT INTO orders (id, customer_id, order_date, status, total_amount) VALUES ('297', '35', '2024-08-12 03:36:28', 'training', '34.18');
INSERT INTO orders (id, customer_id, order_date, status, total_amount) VALUES ('298', '37', '2024-10-16 14:58:38', 'measure', '32.02');
INSERT INTO orders (id, customer_id, order_date, status, total_amount) VALUES ('299', '46', '2025-03-15 13:06:40', 'happy', '65.16');
INSERT INTO orders (id, customer_id, order_date, status, total_amount) VALUES ('300', '32', '2024-08-27 04:35:03', 'generation', '68.77');


-- Table: order_items
CREATE TABLE order_items (id TEXT, order_id TEXT, product_id TEXT, quantity TEXT, unit_price TEXT);
INSERT INTO order_items (id, order_id, product_id, quantity, unit_price) VALUES ('1.0', '78.0', '96.0', '777.0', '38.81');
INSERT INTO order_items (id, order_id, product_id, quantity, unit_price) VALUES ('2.0', '289.0', '30.0', '740.0', '41.37');
INSERT INTO order_items (id, order_id, product_id, quantity, unit_price) VALUES ('3.0', '163.0', '26.0', '791.0', '68.9');
INSERT INTO order_items (id, order_id, product_id, quantity, unit_price) VALUES ('4.0', '45.0', '82.0', '393.0', '48.62');
INSERT INTO order_items (id, order_id, product_id, quantity, unit_price) VALUES ('5.0', '262.0', '59.0', '560.0', '77.23');
INSERT INTO order_items (id, order_id, product_id, quantity, unit_price) VALUES ('6.0', '204.0', '94.0', '337.0', '28.2');
INSERT INTO order_items (id, order_id, product_id, quantity, unit_price) VALUES ('7.0', '285.0', '76.0', '879.0', '69.25');
INSERT INTO order_items (id, order_id, product_id, quantity, unit_price) VALUES ('8.0', '164.0', '83.0', '93.0', '66.56');
INSERT INTO order_items (id, order_id, product_id, quantity, unit_price) VALUES ('9.0', '222.0', '41.0', '830.0', '10.33');
INSERT INTO order_items (id, order_id, product_id, quantity, unit_price) VALUES ('10.0', '284.0', '18.0', '458.0', '50.69');
INSERT INTO order_items (id, order_id, product_id, quantity, unit_price) VALUES ('11.0', '60.0', '58.0', '993.0', '79.87');
INSERT INTO order_items (id, order_id, product_id, quantity, unit_price) VALUES ('12.0', '131.0', '24.0', '433.0', '70.45');
INSERT INTO order_items (id, order_id, product_id, quantity, unit_price) VALUES ('13.0', '68.0', '78.0', '561.0', '90.57');
INSERT INTO order_items (id, order_id, product_id, quantity, unit_price) VALUES ('14.0', '100.0', '50.0', '994.0', '37.02');
INSERT INTO order_items (id, order_id, product_id, quantity, unit_price) VALUES ('15.0', '41.0', '11.0', '527.0', '38.83');
INSERT INTO order_items (id, order_id, product_id, quantity, unit_price) VALUES ('16.0', '213.0', '16.0', '889.0', '31.46');
INSERT INTO order_items (id, order_id, product_id, quantity, unit_price) VALUES ('17.0', '277.0', '59.0', '358.0', '81.71');
INSERT INTO order_items (id, order_id, product_id, quantity, unit_price) VALUES ('18.0', '164.0', '94.0', '961.0', '76.69');
INSERT INTO order_items (id, order_id, product_id, quantity, unit_price) VALUES ('19.0', '220.0', '9.0', '157.0', '56.27');
INSERT INTO order_items (id, order_id, product_id, quantity, unit_price) VALUES ('20.0', '3.0', '15.0', '146.0', '71.21');
INSERT INTO order_items (id, order_id, product_id, quantity, unit_price) VALUES ('21.0', '238.0', '56.0', '34.0', '18.68');
INSERT INTO order_items (id, order_id, product_id, quantity, unit_price) VALUES ('22.0', '190.0', '60.0', '905.0', '37.83');
INSERT INTO order_items (id, order_id, product_id, quantity, unit_price) VALUES ('23.0', '242.0', '66.0', '316.0', '43.19');
INSERT INTO order_items (id, order_id, product_id, quantity, unit_price) VALUES ('24.0', '126.0', '76.0', '770.0', '95.38');
INSERT INTO order_items (id, order_id, product_id, quantity, unit_price) VALUES ('25.0', '172.0', '9.0', '819.0', '29.99');
INSERT INTO order_items (id, order_id, product_id, quantity, unit_price) VALUES ('26.0', '99.0', '69.0', '107.0', '29.58');
INSERT INTO order_items (id, order_id, product_id, quantity, unit_price) VALUES ('27.0', '3.0', '66.0', '214.0', '96.03');
INSERT INTO order_items (id, order_id, product_id, quantity, unit_price) VALUES ('28.0', '229.0', '48.0', '807.0', '66.56');
INSERT INTO order_items (id, order_id, product_id, quantity, unit_price) VALUES ('29.0', '54.0', '6.0', '241.0', '47.53');
INSERT INTO order_items (id, order_id, product_id, quantity, unit_price) VALUES ('30.0', '93.0', '26.0', '612.0', '74.89');
INSERT INTO order_items (id, order_id, product_id, quantity, unit_price) VALUES ('31.0', '271.0', '32.0', '51.0', '9.85');
INSERT INTO order_items (id, order_id, product_id, quantity, unit_price) VALUES ('32.0', '255.0', '6.0', '165.0', '86.74');
INSERT INTO order_items (id, order_id, product_id, quantity, unit_price) VALUES ('33.0', '262.0', '32.0', '100.0', '72.02');
INSERT INTO order_items (id, order_id, product_id, quantity, unit_price) VALUES ('34.0', '222.0', '39.0', '254.0', '10.13');
INSERT INTO order_items (id, order_id, product_id, quantity, unit_price) VALUES ('35.0', '266.0', '10.0', '605.0', '64.8');
INSERT INTO order_items (id, order_id, product_id, quantity, unit_price) VALUES ('36.0', '184.0', '1.0', '17.0', '11.81');
INSERT INTO order_items (id, order_id, product_id, quantity, unit_price) VALUES ('37.0', '142.0', '48.0', '404.0', '48.56');
INSERT INTO order_items (id, order_id, product_id, quantity, unit_price) VALUES ('38.0', '243.0', '57.0', '950.0', '40.81');
INSERT INTO order_items (id, order_id, product_id, quantity, unit_price) VALUES ('39.0', '174.0', '85.0', '965.0', '49.18');
INSERT INTO order_items (id, order_id, product_id, quantity, unit_price) VALUES ('40.0', '153.0', '61.0', '984.0', '80.53');
INSERT INTO order_items (id, order_id, product_id, quantity, unit_price) VALUES ('41.0', '188.0', '9.0', '568.0', '91.23');
INSERT INTO order_items (id, order_id, product_id, quantity, unit_price) VALUES ('42.0', '14.0', '79.0', '381.0', '57.62');
INSERT INTO order_items (id, order_id, product_id, quantity, unit_price) VALUES ('43.0', '8.0', '35.0', '138.0', '31.26');
INSERT INTO order_items (id, order_id, product_id, quantity, unit_price) VALUES ('44.0', '174.0', '78.0', '42.0', '3.51');
INSERT INTO order_items (id, order_id, product_id, quantity, unit_price) VALUES ('45.0', '118.0', '69.0', '534.0', '52.83');
INSERT INTO order_items (id, order_id, product_id, quantity, unit_price) VALUES ('46.0', '34.0', '17.0', '373.0', '41.52');
INSERT INTO order_items (id, order_id, product_id, quantity, unit_price) VALUES ('47.0', '189.0', '42.0', '131.0', '70.73');
INSERT INTO order_items (id, order_id, product_id, quantity, unit_price) VALUES ('48.0', '87.0', '75.0', '511.0', '75.89');
INSERT INTO order_items (id, order_id, product_id, quantity, unit_price) VALUES ('49.0', '52.0', '8.0', '735.0', '85.56');
INSERT INTO order_items (id, order_id, product_id, quantity, unit_price) VALUES ('50.0', '3.0', '39.0', '811.0', '44.24');
INSERT INTO order_items (id, order_id, product_id, quantity, unit_price) VALUES ('51.0', '101.0', '6.0', '291.0', '32.41');
INSERT INTO order_items (id, order_id, product_id, quantity, unit_price) VALUES ('52.0', '52.0', '48.0', '459.0', '32.95');
INSERT INTO order_items (id, order_id, product_id, quantity, unit_price) VALUES ('53.0', '124.0', '14.0', '33.0', '52.93');
INSERT INTO order_items (id, order_id, product_id, quantity, unit_price) VALUES ('54.0', '41.0', '73.0', '748.0', '12.84');
INSERT INTO order_items (id, order_id, product_id, quantity, unit_price) VALUES ('55.0', '49.0', '63.0', '884.0', '36.35');
INSERT INTO order_items (id, order_id, product_id, quantity, unit_price) VALUES ('56.0', '227.0', '35.0', '903.0', '95.56');
INSERT INTO order_items (id, order_id, product_id, quantity, unit_price) VALUES ('57.0', '35.0', '19.0', '904.0', '63.2');
INSERT INTO order_items (id, order_id, product_id, quantity, unit_price) VALUES ('58.0', '72.0', '33.0', '805.0', '9.86');
INSERT INTO order_items (id, order_id, product_id, quantity, unit_price) VALUES ('59.0', '1.0', '68.0', '241.0', '98.02');
INSERT INTO order_items (id, order_id, product_id, quantity, unit_price) VALUES ('60.0', '125.0', '98.0', '714.0', '6.93');
INSERT INTO order_items (id, order_id, product_id, quantity, unit_price) VALUES ('61.0', '34.0', '81.0', '206.0', '46.24');
INSERT INTO order_items (id, order_id, product_id, quantity, unit_price) VALUES ('62.0', '269.0', '46.0', '812.0', '42.25');
INSERT INTO order_items (id, order_id, product_id, quantity, unit_price) VALUES ('63.0', '61.0', '2.0', '851.0', '18.6');
INSERT INTO order_items (id, order_id, product_id, quantity, unit_price) VALUES ('64.0', '114.0', '5.0', '146.0', '15.53');
INSERT INTO order_items (id, order_id, product_id, quantity, unit_price) VALUES ('65.0', '247.0', '67.0', '787.0', '39.14');
INSERT INTO order_items (id, order_id, product_id, quantity, unit_price) VALUES ('66.0', '82.0', '75.0', '462.0', '31.05');
INSERT INTO order_items (id, order_id, product_id, quantity, unit_price) VALUES ('67.0', '43.0', '18.0', '376.0', '33.14');
INSERT INTO order_items (id, order_id, product_id, quantity, unit_price) VALUES ('68.0', '48.0', '68.0', '30.0', '84.16');
INSERT INTO order_items (id, order_id, product_id, quantity, unit_price) VALUES ('69.0', '155.0', '45.0', '474.0', '70.73');
INSERT INTO order_items (id, order_id, product_id, quantity, unit_price) VALUES ('70.0', '54.0', '87.0', '628.0', '57.48');
INSERT INTO order_items (id, order_id, product_id, quantity, unit_price) VALUES ('71.0', '291.0', '4.0', '829.0', '57.95');
INSERT INTO order_items (id, order_id, product_id, quantity, unit_price) VALUES ('72.0', '198.0', '34.0', '169.0', '59.48');
INSERT INTO order_items (id, order_id, product_id, quantity, unit_price) VALUES ('73.0', '295.0', '67.0', '949.0', '99.05');
INSERT INTO order_items (id, order_id, product_id, quantity, unit_price) VALUES ('74.0', '22.0', '5.0', '88.0', '43.01');
INSERT INTO order_items (id, order_id, product_id, quantity, unit_price) VALUES ('75.0', '96.0', '90.0', '79.0', '7.46');
INSERT INTO order_items (id, order_id, product_id, quantity, unit_price) VALUES ('76.0', '166.0', '37.0', '713.0', '10.48');
INSERT INTO order_items (id, order_id, product_id, quantity, unit_price) VALUES ('77.0', '127.0', '30.0', '945.0', '87.92');
INSERT INTO order_items (id, order_id, product_id, quantity, unit_price) VALUES ('78.0', '167.0', '86.0', '9.0', '49.39');
INSERT INTO order_items (id, order_id, product_id, quantity, unit_price) VALUES ('79.0', '148.0', '15.0', '683.0', '81.99');
INSERT INTO order_items (id, order_id, product_id, quantity, unit_price) VALUES ('80.0', '76.0', '20.0', '419.0', '91.6');
INSERT INTO order_items (id, order_id, product_id, quantity, unit_price) VALUES ('81.0', '95.0', '41.0', '30.0', '87.67');
INSERT INTO order_items (id, order_id, product_id, quantity, unit_price) VALUES ('82.0', '70.0', '96.0', '254.0', '30.79');
INSERT INTO order_items (id, order_id, product_id, quantity, unit_price) VALUES ('83.0', '47.0', '80.0', '781.0', '51.32');
INSERT INTO order_items (id, order_id, product_id, quantity, unit_price) VALUES ('84.0', '7.0', '19.0', '526.0', '33.97');
INSERT INTO order_items (id, order_id, product_id, quantity, unit_price) VALUES ('85.0', '227.0', '71.0', '873.0', '42.12');
INSERT INTO order_items (id, order_id, product_id, quantity, unit_price) VALUES ('86.0', '168.0', '70.0', '746.0', '40.15');
INSERT INTO order_items (id, order_id, product_id, quantity, unit_price) VALUES ('87.0', '175.0', '19.0', '758.0', '12.21');
INSERT INTO order_items (id, order_id, product_id, quantity, unit_price) VALUES ('88.0', '86.0', '90.0', '223.0', '52.33');
INSERT INTO order_items (id, order_id, product_id, quantity, unit_price) VALUES ('89.0', '160.0', '26.0', '198.0', '49.79');
INSERT INTO order_items (id, order_id, product_id, quantity, unit_price) VALUES ('90.0', '229.0', '88.0', '663.0', '57.33');
INSERT INTO order_items (id, order_id, product_id, quantity, unit_price) VALUES ('91.0', '125.0', '98.0', '160.0', '53.83');
INSERT INTO order_items (id, order_id, product_id, quantity, unit_price) VALUES ('92.0', '191.0', '43.0', '296.0', '24.16');
INSERT INTO order_items (id, order_id, product_id, quantity, unit_price) VALUES ('93.0', '39.0', '65.0', '277.0', '11.43');
INSERT INTO order_items (id, order_id, product_id, quantity, unit_price) VALUES ('94.0', '250.0', '88.0', '635.0', '13.12');
INSERT INTO order_items (id, order_id, product_id, quantity, unit_price) VALUES ('95.0', '58.0', '83.0', '792.0', '96.85');
INSERT INTO order_items (id, order_id, product_id, quantity, unit_price) VALUES ('96.0', '78.0', '54.0', '789.0', '86.73');
INSERT INTO order_items (id, order_id, product_id, quantity, unit_price) VALUES ('97.0', '84.0', '95.0', '52.0', '97.8');
INSERT INTO order_items (id, order_id, product_id, quantity, unit_price) VALUES ('98.0', '6.0', '89.0', '742.0', '79.8');
INSERT INTO order_items (id, order_id, product_id, quantity, unit_price) VALUES ('99.0', '46.0', '90.0', '603.0', '62.97');
INSERT INTO order_items (id, order_id, product_id, quantity, unit_price) VALUES ('100.0', '207.0', '39.0', '380.0', '32.5');
INSERT INTO order_items (id, order_id, product_id, quantity, unit_price) VALUES ('101.0', '194.0', '39.0', '383.0', '56.43');
INSERT INTO order_items (id, order_id, product_id, quantity, unit_price) VALUES ('102.0', '95.0', '34.0', '304.0', '77.0');
INSERT INTO order_items (id, order_id, product_id, quantity, unit_price) VALUES ('103.0', '137.0', '96.0', '670.0', '24.42');
INSERT INTO order_items (id, order_id, product_id, quantity, unit_price) VALUES ('104.0', '228.0', '76.0', '496.0', '47.44');
INSERT INTO order_items (id, order_id, product_id, quantity, unit_price) VALUES ('105.0', '286.0', '17.0', '219.0', '64.72');
INSERT INTO order_items (id, order_id, product_id, quantity, unit_price) VALUES ('106.0', '256.0', '60.0', '389.0', '91.89');
INSERT INTO order_items (id, order_id, product_id, quantity, unit_price) VALUES ('107.0', '40.0', '72.0', '718.0', '52.62');
INSERT INTO order_items (id, order_id, product_id, quantity, unit_price) VALUES ('108.0', '184.0', '53.0', '665.0', '84.39');
INSERT INTO order_items (id, order_id, product_id, quantity, unit_price) VALUES ('109.0', '174.0', '32.0', '433.0', '44.32');
INSERT INTO order_items (id, order_id, product_id, quantity, unit_price) VALUES ('110.0', '4.0', '7.0', '295.0', '91.26');
INSERT INTO order_items (id, order_id, product_id, quantity, unit_price) VALUES ('111.0', '255.0', '96.0', '827.0', '26.45');
INSERT INTO order_items (id, order_id, product_id, quantity, unit_price) VALUES ('112.0', '256.0', '51.0', '914.0', '2.93');
INSERT INTO order_items (id, order_id, product_id, quantity, unit_price) VALUES ('113.0', '124.0', '47.0', '682.0', '28.06');
INSERT INTO order_items (id, order_id, product_id, quantity, unit_price) VALUES ('114.0', '263.0', '12.0', '880.0', '86.39');
INSERT INTO order_items (id, order_id, product_id, quantity, unit_price) VALUES ('115.0', '34.0', '3.0', '466.0', '51.01');
INSERT INTO order_items (id, order_id, product_id, quantity, unit_price) VALUES ('116.0', '219.0', '96.0', '379.0', '61.22');
INSERT INTO order_items (id, order_id, product_id, quantity, unit_price) VALUES ('117.0', '148.0', '93.0', '364.0', '96.22');
INSERT INTO order_items (id, order_id, product_id, quantity, unit_price) VALUES ('118.0', '46.0', '32.0', '66.0', '11.16');
INSERT INTO order_items (id, order_id, product_id, quantity, unit_price) VALUES ('119.0', '93.0', '87.0', '387.0', '51.55');
INSERT INTO order_items (id, order_id, product_id, quantity, unit_price) VALUES ('120.0', '20.0', '8.0', '219.0', '48.94');
INSERT INTO order_items (id, order_id, product_id, quantity, unit_price) VALUES ('121.0', '81.0', '18.0', '197.0', '43.95');
INSERT INTO order_items (id, order_id, product_id, quantity, unit_price) VALUES ('122.0', '75.0', '80.0', '91.0', '87.82');
INSERT INTO order_items (id, order_id, product_id, quantity, unit_price) VALUES ('123.0', '236.0', '28.0', '528.0', '69.74');
INSERT INTO order_items (id, order_id, product_id, quantity, unit_price) VALUES ('124.0', '17.0', '46.0', '60.0', '91.65');
INSERT INTO order_items (id, order_id, product_id, quantity, unit_price) VALUES ('125.0', '118.0', '92.0', '441.0', '93.27');
INSERT INTO order_items (id, order_id, product_id, quantity, unit_price) VALUES ('126.0', '98.0', '55.0', '961.0', '48.57');
INSERT INTO order_items (id, order_id, product_id, quantity, unit_price) VALUES ('127.0', '188.0', '26.0', '535.0', '84.86');
INSERT INTO order_items (id, order_id, product_id, quantity, unit_price) VALUES ('128.0', '34.0', '36.0', '36.0', '55.0');
INSERT INTO order_items (id, order_id, product_id, quantity, unit_price) VALUES ('129.0', '8.0', '7.0', '805.0', '64.75');
INSERT INTO order_items (id, order_id, product_id, quantity, unit_price) VALUES ('130.0', '290.0', '56.0', '650.0', '48.2');
INSERT INTO order_items (id, order_id, product_id, quantity, unit_price) VALUES ('131.0', '236.0', '59.0', '893.0', '56.7');
INSERT INTO order_items (id, order_id, product_id, quantity, unit_price) VALUES ('132.0', '144.0', '55.0', '110.0', '80.13');
INSERT INTO order_items (id, order_id, product_id, quantity, unit_price) VALUES ('133.0', '76.0', '11.0', '708.0', '54.64');
INSERT INTO order_items (id, order_id, product_id, quantity, unit_price) VALUES ('134.0', '224.0', '97.0', '660.0', '48.84');
INSERT INTO order_items (id, order_id, product_id, quantity, unit_price) VALUES ('135.0', '153.0', '79.0', '264.0', '24.4');
INSERT INTO order_items (id, order_id, product_id, quantity, unit_price) VALUES ('136.0', '19.0', '57.0', '141.0', '40.07');
INSERT INTO order_items (id, order_id, product_id, quantity, unit_price) VALUES ('137.0', '255.0', '59.0', '27.0', '75.1');
INSERT INTO order_items (id, order_id, product_id, quantity, unit_price) VALUES ('138.0', '296.0', '59.0', '558.0', '4.91');
INSERT INTO order_items (id, order_id, product_id, quantity, unit_price) VALUES ('139.0', '22.0', '41.0', '944.0', '7.7');
INSERT INTO order_items (id, order_id, product_id, quantity, unit_price) VALUES ('140.0', '90.0', '30.0', '231.0', '46.82');
INSERT INTO order_items (id, order_id, product_id, quantity, unit_price) VALUES ('141.0', '17.0', '62.0', '672.0', '79.67');
INSERT INTO order_items (id, order_id, product_id, quantity, unit_price) VALUES ('142.0', '161.0', '8.0', '877.0', '43.09');
INSERT INTO order_items (id, order_id, product_id, quantity, unit_price) VALUES ('143.0', '237.0', '52.0', '769.0', '51.73');
INSERT INTO order_items (id, order_id, product_id, quantity, unit_price) VALUES ('144.0', '146.0', '84.0', '663.0', '4.54');
INSERT INTO order_items (id, order_id, product_id, quantity, unit_price) VALUES ('145.0', '186.0', '1.0', '130.0', '79.89');
INSERT INTO order_items (id, order_id, product_id, quantity, unit_price) VALUES ('146.0', '190.0', '79.0', '732.0', '63.65');
INSERT INTO order_items (id, order_id, product_id, quantity, unit_price) VALUES ('147.0', '70.0', '55.0', '966.0', '45.15');
INSERT INTO order_items (id, order_id, product_id, quantity, unit_price) VALUES ('148.0', '184.0', '82.0', '24.0', '77.67');
INSERT INTO order_items (id, order_id, product_id, quantity, unit_price) VALUES ('149.0', '92.0', '87.0', '483.0', '86.84');
INSERT INTO order_items (id, order_id, product_id, quantity, unit_price) VALUES ('150.0', '75.0', '20.0', '143.0', '17.07');
INSERT INTO order_items (id, order_id, product_id, quantity, unit_price) VALUES ('151.0', '198.0', '56.0', '234.0', '58.54');
INSERT INTO order_items (id, order_id, product_id, quantity, unit_price) VALUES ('152.0', '181.0', '61.0', '230.0', '51.77');
INSERT INTO order_items (id, order_id, product_id, quantity, unit_price) VALUES ('153.0', '252.0', '59.0', '875.0', '77.26');
INSERT INTO order_items (id, order_id, product_id, quantity, unit_price) VALUES ('154.0', '5.0', '46.0', '28.0', '80.27');
INSERT INTO order_items (id, order_id, product_id, quantity, unit_price) VALUES ('155.0', '102.0', '86.0', '80.0', '65.11');
INSERT INTO order_items (id, order_id, product_id, quantity, unit_price) VALUES ('156.0', '77.0', '66.0', '953.0', '51.23');
INSERT INTO order_items (id, order_id, product_id, quantity, unit_price) VALUES ('157.0', '200.0', '12.0', '773.0', '30.71');
INSERT INTO order_items (id, order_id, product_id, quantity, unit_price) VALUES ('158.0', '90.0', '8.0', '410.0', '74.27');
INSERT INTO order_items (id, order_id, product_id, quantity, unit_price) VALUES ('159.0', '12.0', '56.0', '380.0', '69.19');
INSERT INTO order_items (id, order_id, product_id, quantity, unit_price) VALUES ('160.0', '152.0', '78.0', '250.0', '17.96');
INSERT INTO order_items (id, order_id, product_id, quantity, unit_price) VALUES ('161.0', '275.0', '33.0', '378.0', '94.93');
INSERT INTO order_items (id, order_id, product_id, quantity, unit_price) VALUES ('162.0', '187.0', '48.0', '566.0', '19.64');
INSERT INTO order_items (id, order_id, product_id, quantity, unit_price) VALUES ('163.0', '105.0', '85.0', '743.0', '90.98');
INSERT INTO order_items (id, order_id, product_id, quantity, unit_price) VALUES ('164.0', '206.0', '32.0', '18.0', '72.83');
INSERT INTO order_items (id, order_id, product_id, quantity, unit_price) VALUES ('165.0', '29.0', '13.0', '930.0', '42.35');
INSERT INTO order_items (id, order_id, product_id, quantity, unit_price) VALUES ('166.0', '2.0', '93.0', '760.0', '82.49');
INSERT INTO order_items (id, order_id, product_id, quantity, unit_price) VALUES ('167.0', '122.0', '35.0', '200.0', '54.49');
INSERT INTO order_items (id, order_id, product_id, quantity, unit_price) VALUES ('168.0', '220.0', '81.0', '263.0', '44.05');
INSERT INTO order_items (id, order_id, product_id, quantity, unit_price) VALUES ('169.0', '213.0', '70.0', '838.0', '4.41');
INSERT INTO order_items (id, order_id, product_id, quantity, unit_price) VALUES ('170.0', '250.0', '37.0', '708.0', '29.87');
INSERT INTO order_items (id, order_id, product_id, quantity, unit_price) VALUES ('171.0', '33.0', '29.0', '948.0', '50.43');
INSERT INTO order_items (id, order_id, product_id, quantity, unit_price) VALUES ('172.0', '270.0', '67.0', '880.0', '33.35');
INSERT INTO order_items (id, order_id, product_id, quantity, unit_price) VALUES ('173.0', '79.0', '64.0', '938.0', '12.07');
INSERT INTO order_items (id, order_id, product_id, quantity, unit_price) VALUES ('174.0', '173.0', '14.0', '211.0', '27.68');
INSERT INTO order_items (id, order_id, product_id, quantity, unit_price) VALUES ('175.0', '81.0', '76.0', '696.0', '35.48');
INSERT INTO order_items (id, order_id, product_id, quantity, unit_price) VALUES ('176.0', '86.0', '37.0', '381.0', '21.98');
INSERT INTO order_items (id, order_id, product_id, quantity, unit_price) VALUES ('177.0', '284.0', '68.0', '955.0', '2.23');
INSERT INTO order_items (id, order_id, product_id, quantity, unit_price) VALUES ('178.0', '87.0', '77.0', '238.0', '50.81');
INSERT INTO order_items (id, order_id, product_id, quantity, unit_price) VALUES ('179.0', '99.0', '27.0', '823.0', '34.71');
INSERT INTO order_items (id, order_id, product_id, quantity, unit_price) VALUES ('180.0', '39.0', '85.0', '173.0', '23.02');
INSERT INTO order_items (id, order_id, product_id, quantity, unit_price) VALUES ('181.0', '22.0', '56.0', '185.0', '35.02');
INSERT INTO order_items (id, order_id, product_id, quantity, unit_price) VALUES ('182.0', '269.0', '69.0', '813.0', '52.59');
INSERT INTO order_items (id, order_id, product_id, quantity, unit_price) VALUES ('183.0', '95.0', '56.0', '169.0', '3.09');
INSERT INTO order_items (id, order_id, product_id, quantity, unit_price) VALUES ('184.0', '204.0', '13.0', '404.0', '55.39');
INSERT INTO order_items (id, order_id, product_id, quantity, unit_price) VALUES ('185.0', '124.0', '4.0', '796.0', '78.01');
INSERT INTO order_items (id, order_id, product_id, quantity, unit_price) VALUES ('186.0', '64.0', '38.0', '207.0', '90.59');
INSERT INTO order_items (id, order_id, product_id, quantity, unit_price) VALUES ('187.0', '91.0', '81.0', '82.0', '4.84');
INSERT INTO order_items (id, order_id, product_id, quantity, unit_price) VALUES ('188.0', '72.0', '62.0', '701.0', '44.4');
INSERT INTO order_items (id, order_id, product_id, quantity, unit_price) VALUES ('189.0', '128.0', '5.0', '715.0', '26.48');
INSERT INTO order_items (id, order_id, product_id, quantity, unit_price) VALUES ('190.0', '290.0', '30.0', '558.0', '56.26');
INSERT INTO order_items (id, order_id, product_id, quantity, unit_price) VALUES ('191.0', '54.0', '27.0', '265.0', '69.05');
INSERT INTO order_items (id, order_id, product_id, quantity, unit_price) VALUES ('192.0', '201.0', '22.0', '514.0', '18.53');
INSERT INTO order_items (id, order_id, product_id, quantity, unit_price) VALUES ('193.0', '286.0', '12.0', '378.0', '91.17');
INSERT INTO order_items (id, order_id, product_id, quantity, unit_price) VALUES ('194.0', '44.0', '50.0', '424.0', '58.48');
INSERT INTO order_items (id, order_id, product_id, quantity, unit_price) VALUES ('195.0', '74.0', '15.0', '689.0', '39.39');
INSERT INTO order_items (id, order_id, product_id, quantity, unit_price) VALUES ('196.0', '72.0', '67.0', '444.0', '38.29');
INSERT INTO order_items (id, order_id, product_id, quantity, unit_price) VALUES ('197.0', '74.0', '4.0', '825.0', '93.13');
INSERT INTO order_items (id, order_id, product_id, quantity, unit_price) VALUES ('198.0', '42.0', '40.0', '215.0', '22.68');
INSERT INTO order_items (id, order_id, product_id, quantity, unit_price) VALUES ('199.0', '233.0', '30.0', '866.0', '79.25');
INSERT INTO order_items (id, order_id, product_id, quantity, unit_price) VALUES ('200.0', '131.0', '76.0', '175.0', '80.32');
INSERT INTO order_items (id, order_id, product_id, quantity, unit_price) VALUES ('201.0', '155.0', '6.0', '461.0', '19.04');
INSERT INTO order_items (id, order_id, product_id, quantity, unit_price) VALUES ('202.0', '40.0', '50.0', '109.0', '90.91');
INSERT INTO order_items (id, order_id, product_id, quantity, unit_price) VALUES ('203.0', '166.0', '87.0', '653.0', '31.63');
INSERT INTO order_items (id, order_id, product_id, quantity, unit_price) VALUES ('204.0', '37.0', '39.0', '449.0', '37.22');
INSERT INTO order_items (id, order_id, product_id, quantity, unit_price) VALUES ('205.0', '141.0', '73.0', '124.0', '3.82');
INSERT INTO order_items (id, order_id, product_id, quantity, unit_price) VALUES ('206.0', '111.0', '12.0', '890.0', '95.51');
INSERT INTO order_items (id, order_id, product_id, quantity, unit_price) VALUES ('207.0', '98.0', '29.0', '355.0', '50.58');
INSERT INTO order_items (id, order_id, product_id, quantity, unit_price) VALUES ('208.0', '194.0', '75.0', '237.0', '58.71');
INSERT INTO order_items (id, order_id, product_id, quantity, unit_price) VALUES ('209.0', '281.0', '2.0', '367.0', '39.1');
INSERT INTO order_items (id, order_id, product_id, quantity, unit_price) VALUES ('210.0', '243.0', '5.0', '981.0', '33.31');
INSERT INTO order_items (id, order_id, product_id, quantity, unit_price) VALUES ('211.0', '53.0', '95.0', '9.0', '15.44');
INSERT INTO order_items (id, order_id, product_id, quantity, unit_price) VALUES ('212.0', '191.0', '30.0', '180.0', '66.59');
INSERT INTO order_items (id, order_id, product_id, quantity, unit_price) VALUES ('213.0', '2.0', '40.0', '968.0', '73.36');
INSERT INTO order_items (id, order_id, product_id, quantity, unit_price) VALUES ('214.0', '125.0', '50.0', '945.0', '16.3');
INSERT INTO order_items (id, order_id, product_id, quantity, unit_price) VALUES ('215.0', '188.0', '13.0', '422.0', '4.06');
INSERT INTO order_items (id, order_id, product_id, quantity, unit_price) VALUES ('216.0', '206.0', '61.0', '819.0', '6.55');
INSERT INTO order_items (id, order_id, product_id, quantity, unit_price) VALUES ('217.0', '263.0', '38.0', '14.0', '98.42');
INSERT INTO order_items (id, order_id, product_id, quantity, unit_price) VALUES ('218.0', '102.0', '8.0', '575.0', '53.97');
INSERT INTO order_items (id, order_id, product_id, quantity, unit_price) VALUES ('219.0', '196.0', '58.0', '950.0', '23.53');
INSERT INTO order_items (id, order_id, product_id, quantity, unit_price) VALUES ('220.0', '68.0', '45.0', '414.0', '64.13');
INSERT INTO order_items (id, order_id, product_id, quantity, unit_price) VALUES ('221.0', '103.0', '36.0', '660.0', '32.25');
INSERT INTO order_items (id, order_id, product_id, quantity, unit_price) VALUES ('222.0', '261.0', '80.0', '147.0', '31.27');
INSERT INTO order_items (id, order_id, product_id, quantity, unit_price) VALUES ('223.0', '176.0', '96.0', '658.0', '58.43');
INSERT INTO order_items (id, order_id, product_id, quantity, unit_price) VALUES ('224.0', '69.0', '76.0', '280.0', '67.08');
INSERT INTO order_items (id, order_id, product_id, quantity, unit_price) VALUES ('225.0', '186.0', '87.0', '375.0', '14.37');
INSERT INTO order_items (id, order_id, product_id, quantity, unit_price) VALUES ('226.0', '264.0', '91.0', '907.0', '44.12');
INSERT INTO order_items (id, order_id, product_id, quantity, unit_price) VALUES ('227.0', '171.0', '15.0', '329.0', '62.19');
INSERT INTO order_items (id, order_id, product_id, quantity, unit_price) VALUES ('228.0', '218.0', '1.0', '43.0', '15.97');
INSERT INTO order_items (id, order_id, product_id, quantity, unit_price) VALUES ('229.0', '248.0', '3.0', '917.0', '68.32');
INSERT INTO order_items (id, order_id, product_id, quantity, unit_price) VALUES ('230.0', '181.0', '55.0', '342.0', '9.12');
INSERT INTO order_items (id, order_id, product_id, quantity, unit_price) VALUES ('231.0', '294.0', '92.0', '140.0', '69.05');
INSERT INTO order_items (id, order_id, product_id, quantity, unit_price) VALUES ('232.0', '146.0', '22.0', '904.0', '22.79');
INSERT INTO order_items (id, order_id, product_id, quantity, unit_price) VALUES ('233.0', '187.0', '66.0', '755.0', '80.5');
INSERT INTO order_items (id, order_id, product_id, quantity, unit_price) VALUES ('234.0', '262.0', '67.0', '304.0', '41.55');
INSERT INTO order_items (id, order_id, product_id, quantity, unit_price) VALUES ('235.0', '211.0', '85.0', '988.0', '53.47');
INSERT INTO order_items (id, order_id, product_id, quantity, unit_price) VALUES ('236.0', '217.0', '52.0', '553.0', '41.45');
INSERT INTO order_items (id, order_id, product_id, quantity, unit_price) VALUES ('237.0', '95.0', '88.0', '933.0', '23.55');
INSERT INTO order_items (id, order_id, product_id, quantity, unit_price) VALUES ('238.0', '200.0', '74.0', '313.0', '37.25');
INSERT INTO order_items (id, order_id, product_id, quantity, unit_price) VALUES ('239.0', '202.0', '60.0', '901.0', '63.39');
INSERT INTO order_items (id, order_id, product_id, quantity, unit_price) VALUES ('240.0', '51.0', '53.0', '760.0', '67.76');
INSERT INTO order_items (id, order_id, product_id, quantity, unit_price) VALUES ('241.0', '13.0', '68.0', '711.0', '73.17');
INSERT INTO order_items (id, order_id, product_id, quantity, unit_price) VALUES ('242.0', '133.0', '86.0', '747.0', '88.04');
INSERT INTO order_items (id, order_id, product_id, quantity, unit_price) VALUES ('243.0', '172.0', '61.0', '545.0', '74.02');
INSERT INTO order_items (id, order_id, product_id, quantity, unit_price) VALUES ('244.0', '153.0', '32.0', '379.0', '54.93');
INSERT INTO order_items (id, order_id, product_id, quantity, unit_price) VALUES ('245.0', '142.0', '58.0', '305.0', '9.76');
INSERT INTO order_items (id, order_id, product_id, quantity, unit_price) VALUES ('246.0', '99.0', '93.0', '500.0', '47.58');
INSERT INTO order_items (id, order_id, product_id, quantity, unit_price) VALUES ('247.0', '212.0', '94.0', '193.0', '81.28');
INSERT INTO order_items (id, order_id, product_id, quantity, unit_price) VALUES ('248.0', '141.0', '48.0', '615.0', '66.7');
INSERT INTO order_items (id, order_id, product_id, quantity, unit_price) VALUES ('249.0', '225.0', '30.0', '407.0', '75.61');
INSERT INTO order_items (id, order_id, product_id, quantity, unit_price) VALUES ('250.0', '17.0', '43.0', '716.0', '33.12');
INSERT INTO order_items (id, order_id, product_id, quantity, unit_price) VALUES ('251.0', '93.0', '48.0', '895.0', '39.86');
INSERT INTO order_items (id, order_id, product_id, quantity, unit_price) VALUES ('252.0', '158.0', '9.0', '474.0', '59.61');
INSERT INTO order_items (id, order_id, product_id, quantity, unit_price) VALUES ('253.0', '38.0', '76.0', '105.0', '47.3');
INSERT INTO order_items (id, order_id, product_id, quantity, unit_price) VALUES ('254.0', '48.0', '39.0', '624.0', '17.56');
INSERT INTO order_items (id, order_id, product_id, quantity, unit_price) VALUES ('255.0', '96.0', '49.0', '650.0', '52.27');
INSERT INTO order_items (id, order_id, product_id, quantity, unit_price) VALUES ('256.0', '10.0', '86.0', '599.0', '51.9');
INSERT INTO order_items (id, order_id, product_id, quantity, unit_price) VALUES ('257.0', '295.0', '94.0', '594.0', '59.73');
INSERT INTO order_items (id, order_id, product_id, quantity, unit_price) VALUES ('258.0', '255.0', '53.0', '325.0', '32.59');
INSERT INTO order_items (id, order_id, product_id, quantity, unit_price) VALUES ('259.0', '16.0', '35.0', '253.0', '92.98');
INSERT INTO order_items (id, order_id, product_id, quantity, unit_price) VALUES ('260.0', '72.0', '6.0', '605.0', '72.61');
INSERT INTO order_items (id, order_id, product_id, quantity, unit_price) VALUES ('261.0', '96.0', '80.0', '143.0', '71.94');
INSERT INTO order_items (id, order_id, product_id, quantity, unit_price) VALUES ('262.0', '28.0', '69.0', '135.0', '63.59');
INSERT INTO order_items (id, order_id, product_id, quantity, unit_price) VALUES ('263.0', '131.0', '9.0', '220.0', '1.14');
INSERT INTO order_items (id, order_id, product_id, quantity, unit_price) VALUES ('264.0', '239.0', '52.0', '38.0', '9.99');
INSERT INTO order_items (id, order_id, product_id, quantity, unit_price) VALUES ('265.0', '62.0', '66.0', '478.0', '39.41');
INSERT INTO order_items (id, order_id, product_id, quantity, unit_price) VALUES ('266.0', '132.0', '90.0', '112.0', '78.37');
INSERT INTO order_items (id, order_id, product_id, quantity, unit_price) VALUES ('267.0', '90.0', '84.0', '290.0', '15.4');
INSERT INTO order_items (id, order_id, product_id, quantity, unit_price) VALUES ('268.0', '263.0', '50.0', '455.0', '34.02');
INSERT INTO order_items (id, order_id, product_id, quantity, unit_price) VALUES ('269.0', '247.0', '43.0', '890.0', '1.25');
INSERT INTO order_items (id, order_id, product_id, quantity, unit_price) VALUES ('270.0', '104.0', '65.0', '782.0', '67.26');
INSERT INTO order_items (id, order_id, product_id, quantity, unit_price) VALUES ('271.0', '202.0', '58.0', '794.0', '11.81');
INSERT INTO order_items (id, order_id, product_id, quantity, unit_price) VALUES ('272.0', '99.0', '98.0', '945.0', '43.63');
INSERT INTO order_items (id, order_id, product_id, quantity, unit_price) VALUES ('273.0', '177.0', '27.0', '491.0', '3.35');
INSERT INTO order_items (id, order_id, product_id, quantity, unit_price) VALUES ('274.0', '230.0', '56.0', '625.0', '59.77');
INSERT INTO order_items (id, order_id, product_id, quantity, unit_price) VALUES ('275.0', '83.0', '100.0', '383.0', '31.63');
INSERT INTO order_items (id, order_id, product_id, quantity, unit_price) VALUES ('276.0', '49.0', '38.0', '150.0', '38.42');
INSERT INTO order_items (id, order_id, product_id, quantity, unit_price) VALUES ('277.0', '6.0', '44.0', '208.0', '91.16');
INSERT INTO order_items (id, order_id, product_id, quantity, unit_price) VALUES ('278.0', '220.0', '34.0', '225.0', '81.54');
INSERT INTO order_items (id, order_id, product_id, quantity, unit_price) VALUES ('279.0', '113.0', '99.0', '181.0', '31.94');
INSERT INTO order_items (id, order_id, product_id, quantity, unit_price) VALUES ('280.0', '146.0', '49.0', '813.0', '39.27');
INSERT INTO order_items (id, order_id, product_id, quantity, unit_price) VALUES ('281.0', '97.0', '65.0', '307.0', '28.75');
INSERT INTO order_items (id, order_id, product_id, quantity, unit_price) VALUES ('282.0', '156.0', '38.0', '835.0', '76.77');
INSERT INTO order_items (id, order_id, product_id, quantity, unit_price) VALUES ('283.0', '259.0', '17.0', '771.0', '17.33');
INSERT INTO order_items (id, order_id, product_id, quantity, unit_price) VALUES ('284.0', '175.0', '26.0', '430.0', '7.19');
INSERT INTO order_items (id, order_id, product_id, quantity, unit_price) VALUES ('285.0', '155.0', '21.0', '11.0', '85.31');
INSERT INTO order_items (id, order_id, product_id, quantity, unit_price) VALUES ('286.0', '111.0', '58.0', '57.0', '50.64');
INSERT INTO order_items (id, order_id, product_id, quantity, unit_price) VALUES ('287.0', '139.0', '75.0', '239.0', '72.32');
INSERT INTO order_items (id, order_id, product_id, quantity, unit_price) VALUES ('288.0', '88.0', '50.0', '521.0', '89.75');
INSERT INTO order_items (id, order_id, product_id, quantity, unit_price) VALUES ('289.0', '207.0', '5.0', '97.0', '23.05');
INSERT INTO order_items (id, order_id, product_id, quantity, unit_price) VALUES ('290.0', '129.0', '24.0', '610.0', '16.76');
INSERT INTO order_items (id, order_id, product_id, quantity, unit_price) VALUES ('291.0', '251.0', '37.0', '211.0', '16.68');
INSERT INTO order_items (id, order_id, product_id, quantity, unit_price) VALUES ('292.0', '164.0', '11.0', '614.0', '9.29');
INSERT INTO order_items (id, order_id, product_id, quantity, unit_price) VALUES ('293.0', '166.0', '10.0', '487.0', '51.0');
INSERT INTO order_items (id, order_id, product_id, quantity, unit_price) VALUES ('294.0', '15.0', '44.0', '508.0', '37.5');
INSERT INTO order_items (id, order_id, product_id, quantity, unit_price) VALUES ('295.0', '46.0', '42.0', '72.0', '71.91');
INSERT INTO order_items (id, order_id, product_id, quantity, unit_price) VALUES ('296.0', '110.0', '92.0', '600.0', '31.76');
INSERT INTO order_items (id, order_id, product_id, quantity, unit_price) VALUES ('297.0', '296.0', '59.0', '509.0', '77.54');
INSERT INTO order_items (id, order_id, product_id, quantity, unit_price) VALUES ('298.0', '44.0', '47.0', '923.0', '78.81');
INSERT INTO order_items (id, order_id, product_id, quantity, unit_price) VALUES ('299.0', '222.0', '97.0', '311.0', '91.1');
INSERT INTO order_items (id, order_id, product_id, quantity, unit_price) VALUES ('300.0', '231.0', '37.0', '48.0', '1.39');
INSERT INTO order_items (id, order_id, product_id, quantity, unit_price) VALUES ('301.0', '214.0', '29.0', '730.0', '58.26');
INSERT INTO order_items (id, order_id, product_id, quantity, unit_price) VALUES ('302.0', '263.0', '57.0', '576.0', '54.34');
INSERT INTO order_items (id, order_id, product_id, quantity, unit_price) VALUES ('303.0', '300.0', '32.0', '331.0', '47.24');
INSERT INTO order_items (id, order_id, product_id, quantity, unit_price) VALUES ('304.0', '209.0', '83.0', '360.0', '60.16');
INSERT INTO order_items (id, order_id, product_id, quantity, unit_price) VALUES ('305.0', '64.0', '98.0', '459.0', '43.49');
INSERT INTO order_items (id, order_id, product_id, quantity, unit_price) VALUES ('306.0', '154.0', '47.0', '897.0', '93.68');
INSERT INTO order_items (id, order_id, product_id, quantity, unit_price) VALUES ('307.0', '103.0', '58.0', '535.0', '49.63');
INSERT INTO order_items (id, order_id, product_id, quantity, unit_price) VALUES ('308.0', '176.0', '76.0', '545.0', '26.46');
INSERT INTO order_items (id, order_id, product_id, quantity, unit_price) VALUES ('309.0', '146.0', '63.0', '92.0', '40.71');
INSERT INTO order_items (id, order_id, product_id, quantity, unit_price) VALUES ('310.0', '136.0', '21.0', '795.0', '15.72');
INSERT INTO order_items (id, order_id, product_id, quantity, unit_price) VALUES ('311.0', '82.0', '2.0', '578.0', '65.86');
INSERT INTO order_items (id, order_id, product_id, quantity, unit_price) VALUES ('312.0', '225.0', '34.0', '249.0', '18.94');
INSERT INTO order_items (id, order_id, product_id, quantity, unit_price) VALUES ('313.0', '173.0', '94.0', '183.0', '80.18');
INSERT INTO order_items (id, order_id, product_id, quantity, unit_price) VALUES ('314.0', '15.0', '52.0', '114.0', '80.8');
INSERT INTO order_items (id, order_id, product_id, quantity, unit_price) VALUES ('315.0', '33.0', '59.0', '946.0', '70.22');
INSERT INTO order_items (id, order_id, product_id, quantity, unit_price) VALUES ('316.0', '133.0', '96.0', '388.0', '4.34');
INSERT INTO order_items (id, order_id, product_id, quantity, unit_price) VALUES ('317.0', '5.0', '95.0', '903.0', '54.06');
INSERT INTO order_items (id, order_id, product_id, quantity, unit_price) VALUES ('318.0', '202.0', '51.0', '825.0', '92.83');
INSERT INTO order_items (id, order_id, product_id, quantity, unit_price) VALUES ('319.0', '284.0', '100.0', '100.0', '28.13');
INSERT INTO order_items (id, order_id, product_id, quantity, unit_price) VALUES ('320.0', '160.0', '31.0', '712.0', '80.46');
INSERT INTO order_items (id, order_id, product_id, quantity, unit_price) VALUES ('321.0', '214.0', '95.0', '500.0', '43.64');
INSERT INTO order_items (id, order_id, product_id, quantity, unit_price) VALUES ('322.0', '299.0', '51.0', '811.0', '3.28');
INSERT INTO order_items (id, order_id, product_id, quantity, unit_price) VALUES ('323.0', '148.0', '62.0', '985.0', '68.93');
INSERT INTO order_items (id, order_id, product_id, quantity, unit_price) VALUES ('324.0', '97.0', '11.0', '199.0', '8.46');
INSERT INTO order_items (id, order_id, product_id, quantity, unit_price) VALUES ('325.0', '150.0', '14.0', '967.0', '71.84');
INSERT INTO order_items (id, order_id, product_id, quantity, unit_price) VALUES ('326.0', '149.0', '15.0', '780.0', '65.42');
INSERT INTO order_items (id, order_id, product_id, quantity, unit_price) VALUES ('327.0', '89.0', '33.0', '252.0', '79.47');
INSERT INTO order_items (id, order_id, product_id, quantity, unit_price) VALUES ('328.0', '241.0', '29.0', '526.0', '34.14');
INSERT INTO order_items (id, order_id, product_id, quantity, unit_price) VALUES ('329.0', '195.0', '12.0', '346.0', '49.47');
INSERT INTO order_items (id, order_id, product_id, quantity, unit_price) VALUES ('330.0', '123.0', '9.0', '213.0', '10.12');
INSERT INTO order_items (id, order_id, product_id, quantity, unit_price) VALUES ('331.0', '222.0', '57.0', '206.0', '4.12');
INSERT INTO order_items (id, order_id, product_id, quantity, unit_price) VALUES ('332.0', '63.0', '84.0', '184.0', '28.31');
INSERT INTO order_items (id, order_id, product_id, quantity, unit_price) VALUES ('333.0', '7.0', '38.0', '934.0', '17.91');
INSERT INTO order_items (id, order_id, product_id, quantity, unit_price) VALUES ('334.0', '109.0', '22.0', '998.0', '81.31');
INSERT INTO order_items (id, order_id, product_id, quantity, unit_price) VALUES ('335.0', '238.0', '69.0', '184.0', '24.22');
INSERT INTO order_items (id, order_id, product_id, quantity, unit_price) VALUES ('336.0', '225.0', '78.0', '828.0', '19.33');
INSERT INTO order_items (id, order_id, product_id, quantity, unit_price) VALUES ('337.0', '43.0', '39.0', '158.0', '84.32');
INSERT INTO order_items (id, order_id, product_id, quantity, unit_price) VALUES ('338.0', '291.0', '30.0', '374.0', '40.59');
INSERT INTO order_items (id, order_id, product_id, quantity, unit_price) VALUES ('339.0', '171.0', '14.0', '266.0', '71.56');
INSERT INTO order_items (id, order_id, product_id, quantity, unit_price) VALUES ('340.0', '79.0', '99.0', '936.0', '3.78');
INSERT INTO order_items (id, order_id, product_id, quantity, unit_price) VALUES ('341.0', '191.0', '56.0', '268.0', '7.9');
INSERT INTO order_items (id, order_id, product_id, quantity, unit_price) VALUES ('342.0', '63.0', '37.0', '72.0', '36.57');
INSERT INTO order_items (id, order_id, product_id, quantity, unit_price) VALUES ('343.0', '183.0', '68.0', '659.0', '60.94');
INSERT INTO order_items (id, order_id, product_id, quantity, unit_price) VALUES ('344.0', '82.0', '92.0', '825.0', '66.03');
INSERT INTO order_items (id, order_id, product_id, quantity, unit_price) VALUES ('345.0', '217.0', '34.0', '748.0', '12.81');
INSERT INTO order_items (id, order_id, product_id, quantity, unit_price) VALUES ('346.0', '227.0', '62.0', '43.0', '43.49');
INSERT INTO order_items (id, order_id, product_id, quantity, unit_price) VALUES ('347.0', '146.0', '71.0', '647.0', '20.03');
INSERT INTO order_items (id, order_id, product_id, quantity, unit_price) VALUES ('348.0', '250.0', '18.0', '830.0', '12.51');
INSERT INTO order_items (id, order_id, product_id, quantity, unit_price) VALUES ('349.0', '71.0', '22.0', '447.0', '54.23');
INSERT INTO order_items (id, order_id, product_id, quantity, unit_price) VALUES ('350.0', '156.0', '26.0', '97.0', '76.51');
INSERT INTO order_items (id, order_id, product_id, quantity, unit_price) VALUES ('351.0', '56.0', '71.0', '68.0', '26.68');
INSERT INTO order_items (id, order_id, product_id, quantity, unit_price) VALUES ('352.0', '236.0', '85.0', '284.0', '64.38');
INSERT INTO order_items (id, order_id, product_id, quantity, unit_price) VALUES ('353.0', '3.0', '66.0', '773.0', '18.65');
INSERT INTO order_items (id, order_id, product_id, quantity, unit_price) VALUES ('354.0', '194.0', '25.0', '575.0', '8.14');
INSERT INTO order_items (id, order_id, product_id, quantity, unit_price) VALUES ('355.0', '86.0', '70.0', '550.0', '54.68');
INSERT INTO order_items (id, order_id, product_id, quantity, unit_price) VALUES ('356.0', '226.0', '28.0', '868.0', '54.02');
INSERT INTO order_items (id, order_id, product_id, quantity, unit_price) VALUES ('357.0', '247.0', '34.0', '264.0', '63.27');
INSERT INTO order_items (id, order_id, product_id, quantity, unit_price) VALUES ('358.0', '199.0', '66.0', '19.0', '39.79');
INSERT INTO order_items (id, order_id, product_id, quantity, unit_price) VALUES ('359.0', '141.0', '29.0', '198.0', '87.58');
INSERT INTO order_items (id, order_id, product_id, quantity, unit_price) VALUES ('360.0', '288.0', '54.0', '97.0', '53.2');
INSERT INTO order_items (id, order_id, product_id, quantity, unit_price) VALUES ('361.0', '215.0', '23.0', '1000.0', '22.27');
INSERT INTO order_items (id, order_id, product_id, quantity, unit_price) VALUES ('362.0', '81.0', '10.0', '776.0', '87.16');
INSERT INTO order_items (id, order_id, product_id, quantity, unit_price) VALUES ('363.0', '279.0', '94.0', '340.0', '24.23');
INSERT INTO order_items (id, order_id, product_id, quantity, unit_price) VALUES ('364.0', '199.0', '76.0', '598.0', '9.78');
INSERT INTO order_items (id, order_id, product_id, quantity, unit_price) VALUES ('365.0', '296.0', '100.0', '323.0', '13.5');
INSERT INTO order_items (id, order_id, product_id, quantity, unit_price) VALUES ('366.0', '39.0', '54.0', '332.0', '60.94');
INSERT INTO order_items (id, order_id, product_id, quantity, unit_price) VALUES ('367.0', '50.0', '69.0', '178.0', '27.82');
INSERT INTO order_items (id, order_id, product_id, quantity, unit_price) VALUES ('368.0', '177.0', '46.0', '585.0', '89.63');
INSERT INTO order_items (id, order_id, product_id, quantity, unit_price) VALUES ('369.0', '298.0', '96.0', '883.0', '16.78');
INSERT INTO order_items (id, order_id, product_id, quantity, unit_price) VALUES ('370.0', '123.0', '59.0', '519.0', '65.88');
INSERT INTO order_items (id, order_id, product_id, quantity, unit_price) VALUES ('371.0', '6.0', '97.0', '768.0', '17.58');
INSERT INTO order_items (id, order_id, product_id, quantity, unit_price) VALUES ('372.0', '190.0', '6.0', '270.0', '75.31');
INSERT INTO order_items (id, order_id, product_id, quantity, unit_price) VALUES ('373.0', '91.0', '21.0', '859.0', '16.33');
INSERT INTO order_items (id, order_id, product_id, quantity, unit_price) VALUES ('374.0', '28.0', '36.0', '466.0', '78.97');
INSERT INTO order_items (id, order_id, product_id, quantity, unit_price) VALUES ('375.0', '46.0', '88.0', '17.0', '63.03');
INSERT INTO order_items (id, order_id, product_id, quantity, unit_price) VALUES ('376.0', '86.0', '89.0', '147.0', '58.79');
INSERT INTO order_items (id, order_id, product_id, quantity, unit_price) VALUES ('377.0', '45.0', '10.0', '245.0', '79.04');
INSERT INTO order_items (id, order_id, product_id, quantity, unit_price) VALUES ('378.0', '215.0', '12.0', '662.0', '45.38');
INSERT INTO order_items (id, order_id, product_id, quantity, unit_price) VALUES ('379.0', '135.0', '85.0', '791.0', '29.12');
INSERT INTO order_items (id, order_id, product_id, quantity, unit_price) VALUES ('380.0', '166.0', '94.0', '206.0', '51.92');
INSERT INTO order_items (id, order_id, product_id, quantity, unit_price) VALUES ('381.0', '242.0', '84.0', '20.0', '37.48');
INSERT INTO order_items (id, order_id, product_id, quantity, unit_price) VALUES ('382.0', '297.0', '79.0', '495.0', '38.8');
INSERT INTO order_items (id, order_id, product_id, quantity, unit_price) VALUES ('383.0', '295.0', '99.0', '428.0', '37.71');
INSERT INTO order_items (id, order_id, product_id, quantity, unit_price) VALUES ('384.0', '140.0', '82.0', '485.0', '68.87');
INSERT INTO order_items (id, order_id, product_id, quantity, unit_price) VALUES ('385.0', '240.0', '25.0', '323.0', '45.55');
INSERT INTO order_items (id, order_id, product_id, quantity, unit_price) VALUES ('386.0', '105.0', '24.0', '555.0', '92.2');
INSERT INTO order_items (id, order_id, product_id, quantity, unit_price) VALUES ('387.0', '266.0', '55.0', '467.0', '10.23');
INSERT INTO order_items (id, order_id, product_id, quantity, unit_price) VALUES ('388.0', '145.0', '65.0', '23.0', '91.53');
INSERT INTO order_items (id, order_id, product_id, quantity, unit_price) VALUES ('389.0', '61.0', '15.0', '470.0', '13.66');
INSERT INTO order_items (id, order_id, product_id, quantity, unit_price) VALUES ('390.0', '284.0', '78.0', '243.0', '19.77');
INSERT INTO order_items (id, order_id, product_id, quantity, unit_price) VALUES ('391.0', '176.0', '31.0', '572.0', '59.3');
INSERT INTO order_items (id, order_id, product_id, quantity, unit_price) VALUES ('392.0', '44.0', '57.0', '883.0', '36.33');
INSERT INTO order_items (id, order_id, product_id, quantity, unit_price) VALUES ('393.0', '13.0', '9.0', '842.0', '61.86');
INSERT INTO order_items (id, order_id, product_id, quantity, unit_price) VALUES ('394.0', '159.0', '57.0', '532.0', '98.83');
INSERT INTO order_items (id, order_id, product_id, quantity, unit_price) VALUES ('395.0', '89.0', '44.0', '101.0', '79.19');
INSERT INTO order_items (id, order_id, product_id, quantity, unit_price) VALUES ('396.0', '54.0', '49.0', '299.0', '50.44');
INSERT INTO order_items (id, order_id, product_id, quantity, unit_price) VALUES ('397.0', '260.0', '65.0', '765.0', '56.13');
INSERT INTO order_items (id, order_id, product_id, quantity, unit_price) VALUES ('398.0', '254.0', '82.0', '858.0', '95.36');
INSERT INTO order_items (id, order_id, product_id, quantity, unit_price) VALUES ('399.0', '145.0', '41.0', '80.0', '22.25');
INSERT INTO order_items (id, order_id, product_id, quantity, unit_price) VALUES ('400.0', '126.0', '88.0', '408.0', '73.18');
INSERT INTO order_items (id, order_id, product_id, quantity, unit_price) VALUES ('401.0', '262.0', '17.0', '808.0', '35.69');
INSERT INTO order_items (id, order_id, product_id, quantity, unit_price) VALUES ('402.0', '194.0', '50.0', '385.0', '27.96');
INSERT INTO order_items (id, order_id, product_id, quantity, unit_price) VALUES ('403.0', '183.0', '77.0', '681.0', '54.02');
INSERT INTO order_items (id, order_id, product_id, quantity, unit_price) VALUES ('404.0', '283.0', '60.0', '127.0', '81.5');
INSERT INTO order_items (id, order_id, product_id, quantity, unit_price) VALUES ('405.0', '277.0', '23.0', '800.0', '52.58');
INSERT INTO order_items (id, order_id, product_id, quantity, unit_price) VALUES ('406.0', '93.0', '40.0', '345.0', '87.2');
INSERT INTO order_items (id, order_id, product_id, quantity, unit_price) VALUES ('407.0', '100.0', '21.0', '124.0', '40.12');
INSERT INTO order_items (id, order_id, product_id, quantity, unit_price) VALUES ('408.0', '121.0', '43.0', '165.0', '34.29');
INSERT INTO order_items (id, order_id, product_id, quantity, unit_price) VALUES ('409.0', '199.0', '49.0', '57.0', '94.28');
INSERT INTO order_items (id, order_id, product_id, quantity, unit_price) VALUES ('410.0', '127.0', '77.0', '268.0', '70.25');
INSERT INTO order_items (id, order_id, product_id, quantity, unit_price) VALUES ('411.0', '56.0', '34.0', '347.0', '55.55');
INSERT INTO order_items (id, order_id, product_id, quantity, unit_price) VALUES ('412.0', '127.0', '97.0', '556.0', '3.6');
INSERT INTO order_items (id, order_id, product_id, quantity, unit_price) VALUES ('413.0', '126.0', '12.0', '507.0', '15.1');
INSERT INTO order_items (id, order_id, product_id, quantity, unit_price) VALUES ('414.0', '55.0', '78.0', '757.0', '64.14');
INSERT INTO order_items (id, order_id, product_id, quantity, unit_price) VALUES ('415.0', '297.0', '91.0', '713.0', '94.25');
INSERT INTO order_items (id, order_id, product_id, quantity, unit_price) VALUES ('416.0', '79.0', '71.0', '951.0', '68.15');
INSERT INTO order_items (id, order_id, product_id, quantity, unit_price) VALUES ('417.0', '25.0', '40.0', '125.0', '86.83');
INSERT INTO order_items (id, order_id, product_id, quantity, unit_price) VALUES ('418.0', '264.0', '40.0', '519.0', '78.48');
INSERT INTO order_items (id, order_id, product_id, quantity, unit_price) VALUES ('419.0', '300.0', '37.0', '581.0', '77.83');
INSERT INTO order_items (id, order_id, product_id, quantity, unit_price) VALUES ('420.0', '293.0', '36.0', '378.0', '76.09');
INSERT INTO order_items (id, order_id, product_id, quantity, unit_price) VALUES ('421.0', '1.0', '82.0', '42.0', '94.42');
INSERT INTO order_items (id, order_id, product_id, quantity, unit_price) VALUES ('422.0', '66.0', '54.0', '948.0', '70.55');
INSERT INTO order_items (id, order_id, product_id, quantity, unit_price) VALUES ('423.0', '226.0', '47.0', '19.0', '5.64');
INSERT INTO order_items (id, order_id, product_id, quantity, unit_price) VALUES ('424.0', '208.0', '45.0', '28.0', '12.48');
INSERT INTO order_items (id, order_id, product_id, quantity, unit_price) VALUES ('425.0', '211.0', '48.0', '506.0', '57.18');
INSERT INTO order_items (id, order_id, product_id, quantity, unit_price) VALUES ('426.0', '97.0', '39.0', '994.0', '63.39');
INSERT INTO order_items (id, order_id, product_id, quantity, unit_price) VALUES ('427.0', '223.0', '99.0', '877.0', '17.96');
INSERT INTO order_items (id, order_id, product_id, quantity, unit_price) VALUES ('428.0', '81.0', '87.0', '42.0', '80.23');
INSERT INTO order_items (id, order_id, product_id, quantity, unit_price) VALUES ('429.0', '133.0', '25.0', '81.0', '45.16');
INSERT INTO order_items (id, order_id, product_id, quantity, unit_price) VALUES ('430.0', '111.0', '89.0', '937.0', '68.72');
INSERT INTO order_items (id, order_id, product_id, quantity, unit_price) VALUES ('431.0', '57.0', '26.0', '25.0', '30.93');
INSERT INTO order_items (id, order_id, product_id, quantity, unit_price) VALUES ('432.0', '185.0', '37.0', '293.0', '75.46');
INSERT INTO order_items (id, order_id, product_id, quantity, unit_price) VALUES ('433.0', '220.0', '10.0', '219.0', '90.12');
INSERT INTO order_items (id, order_id, product_id, quantity, unit_price) VALUES ('434.0', '122.0', '23.0', '155.0', '84.99');
INSERT INTO order_items (id, order_id, product_id, quantity, unit_price) VALUES ('435.0', '134.0', '86.0', '452.0', '65.8');
INSERT INTO order_items (id, order_id, product_id, quantity, unit_price) VALUES ('436.0', '275.0', '53.0', '36.0', '67.76');
INSERT INTO order_items (id, order_id, product_id, quantity, unit_price) VALUES ('437.0', '221.0', '55.0', '460.0', '3.51');
INSERT INTO order_items (id, order_id, product_id, quantity, unit_price) VALUES ('438.0', '38.0', '38.0', '332.0', '19.09');
INSERT INTO order_items (id, order_id, product_id, quantity, unit_price) VALUES ('439.0', '128.0', '78.0', '968.0', '41.79');
INSERT INTO order_items (id, order_id, product_id, quantity, unit_price) VALUES ('440.0', '103.0', '27.0', '181.0', '20.22');
INSERT INTO order_items (id, order_id, product_id, quantity, unit_price) VALUES ('441.0', '197.0', '73.0', '944.0', '69.72');
INSERT INTO order_items (id, order_id, product_id, quantity, unit_price) VALUES ('442.0', '227.0', '36.0', '585.0', '93.33');
INSERT INTO order_items (id, order_id, product_id, quantity, unit_price) VALUES ('443.0', '134.0', '11.0', '530.0', '96.86');
INSERT INTO order_items (id, order_id, product_id, quantity, unit_price) VALUES ('444.0', '224.0', '26.0', '685.0', '45.77');
INSERT INTO order_items (id, order_id, product_id, quantity, unit_price) VALUES ('445.0', '39.0', '95.0', '769.0', '63.76');
INSERT INTO order_items (id, order_id, product_id, quantity, unit_price) VALUES ('446.0', '123.0', '72.0', '938.0', '64.61');
INSERT INTO order_items (id, order_id, product_id, quantity, unit_price) VALUES ('447.0', '64.0', '93.0', '945.0', '43.2');
INSERT INTO order_items (id, order_id, product_id, quantity, unit_price) VALUES ('448.0', '86.0', '91.0', '338.0', '17.08');
INSERT INTO order_items (id, order_id, product_id, quantity, unit_price) VALUES ('449.0', '277.0', '74.0', '284.0', '17.84');
INSERT INTO order_items (id, order_id, product_id, quantity, unit_price) VALUES ('450.0', '178.0', '23.0', '423.0', '51.28');
INSERT INTO order_items (id, order_id, product_id, quantity, unit_price) VALUES ('451.0', '117.0', '29.0', '439.0', '2.05');
INSERT INTO order_items (id, order_id, product_id, quantity, unit_price) VALUES ('452.0', '300.0', '19.0', '3.0', '89.68');
INSERT INTO order_items (id, order_id, product_id, quantity, unit_price) VALUES ('453.0', '295.0', '49.0', '732.0', '58.14');
INSERT INTO order_items (id, order_id, product_id, quantity, unit_price) VALUES ('454.0', '171.0', '92.0', '163.0', '83.02');
INSERT INTO order_items (id, order_id, product_id, quantity, unit_price) VALUES ('455.0', '60.0', '56.0', '436.0', '29.87');
INSERT INTO order_items (id, order_id, product_id, quantity, unit_price) VALUES ('456.0', '259.0', '28.0', '93.0', '84.19');
INSERT INTO order_items (id, order_id, product_id, quantity, unit_price) VALUES ('457.0', '199.0', '63.0', '801.0', '57.01');
INSERT INTO order_items (id, order_id, product_id, quantity, unit_price) VALUES ('458.0', '129.0', '39.0', '202.0', '25.42');
INSERT INTO order_items (id, order_id, product_id, quantity, unit_price) VALUES ('459.0', '291.0', '60.0', '394.0', '78.34');
INSERT INTO order_items (id, order_id, product_id, quantity, unit_price) VALUES ('460.0', '219.0', '42.0', '902.0', '35.43');
INSERT INTO order_items (id, order_id, product_id, quantity, unit_price) VALUES ('461.0', '232.0', '93.0', '512.0', '68.18');
INSERT INTO order_items (id, order_id, product_id, quantity, unit_price) VALUES ('462.0', '196.0', '43.0', '760.0', '38.3');
INSERT INTO order_items (id, order_id, product_id, quantity, unit_price) VALUES ('463.0', '300.0', '71.0', '728.0', '39.84');
INSERT INTO order_items (id, order_id, product_id, quantity, unit_price) VALUES ('464.0', '127.0', '61.0', '600.0', '56.71');
INSERT INTO order_items (id, order_id, product_id, quantity, unit_price) VALUES ('465.0', '125.0', '31.0', '965.0', '71.76');
INSERT INTO order_items (id, order_id, product_id, quantity, unit_price) VALUES ('466.0', '68.0', '84.0', '33.0', '23.67');
INSERT INTO order_items (id, order_id, product_id, quantity, unit_price) VALUES ('467.0', '229.0', '30.0', '607.0', '51.74');
INSERT INTO order_items (id, order_id, product_id, quantity, unit_price) VALUES ('468.0', '113.0', '46.0', '417.0', '88.26');
INSERT INTO order_items (id, order_id, product_id, quantity, unit_price) VALUES ('469.0', '209.0', '41.0', '545.0', '23.92');
INSERT INTO order_items (id, order_id, product_id, quantity, unit_price) VALUES ('470.0', '268.0', '50.0', '851.0', '57.06');
INSERT INTO order_items (id, order_id, product_id, quantity, unit_price) VALUES ('471.0', '11.0', '57.0', '709.0', '52.0');
INSERT INTO order_items (id, order_id, product_id, quantity, unit_price) VALUES ('472.0', '217.0', '52.0', '199.0', '69.69');
INSERT INTO order_items (id, order_id, product_id, quantity, unit_price) VALUES ('473.0', '98.0', '54.0', '784.0', '53.3');
INSERT INTO order_items (id, order_id, product_id, quantity, unit_price) VALUES ('474.0', '192.0', '59.0', '836.0', '96.61');
INSERT INTO order_items (id, order_id, product_id, quantity, unit_price) VALUES ('475.0', '249.0', '17.0', '823.0', '69.94');
INSERT INTO order_items (id, order_id, product_id, quantity, unit_price) VALUES ('476.0', '22.0', '35.0', '246.0', '84.46');
INSERT INTO order_items (id, order_id, product_id, quantity, unit_price) VALUES ('477.0', '175.0', '25.0', '953.0', '9.01');
INSERT INTO order_items (id, order_id, product_id, quantity, unit_price) VALUES ('478.0', '251.0', '53.0', '695.0', '56.0');
INSERT INTO order_items (id, order_id, product_id, quantity, unit_price) VALUES ('479.0', '94.0', '30.0', '169.0', '59.82');
INSERT INTO order_items (id, order_id, product_id, quantity, unit_price) VALUES ('480.0', '149.0', '3.0', '61.0', '25.9');
INSERT INTO order_items (id, order_id, product_id, quantity, unit_price) VALUES ('481.0', '196.0', '64.0', '694.0', '72.59');
INSERT INTO order_items (id, order_id, product_id, quantity, unit_price) VALUES ('482.0', '135.0', '39.0', '678.0', '3.05');
INSERT INTO order_items (id, order_id, product_id, quantity, unit_price) VALUES ('483.0', '108.0', '81.0', '181.0', '34.92');
INSERT INTO order_items (id, order_id, product_id, quantity, unit_price) VALUES ('484.0', '261.0', '73.0', '568.0', '96.35');
INSERT INTO order_items (id, order_id, product_id, quantity, unit_price) VALUES ('485.0', '243.0', '46.0', '389.0', '51.98');
INSERT INTO order_items (id, order_id, product_id, quantity, unit_price) VALUES ('486.0', '112.0', '42.0', '714.0', '23.23');
INSERT INTO order_items (id, order_id, product_id, quantity, unit_price) VALUES ('487.0', '282.0', '92.0', '411.0', '82.08');
INSERT INTO order_items (id, order_id, product_id, quantity, unit_price) VALUES ('488.0', '283.0', '42.0', '395.0', '27.04');
INSERT INTO order_items (id, order_id, product_id, quantity, unit_price) VALUES ('489.0', '207.0', '40.0', '781.0', '32.47');
INSERT INTO order_items (id, order_id, product_id, quantity, unit_price) VALUES ('490.0', '290.0', '4.0', '461.0', '70.17');
INSERT INTO order_items (id, order_id, product_id, quantity, unit_price) VALUES ('491.0', '131.0', '14.0', '126.0', '1.12');
INSERT INTO order_items (id, order_id, product_id, quantity, unit_price) VALUES ('492.0', '180.0', '18.0', '94.0', '7.75');
INSERT INTO order_items (id, order_id, product_id, quantity, unit_price) VALUES ('493.0', '111.0', '57.0', '778.0', '64.64');
INSERT INTO order_items (id, order_id, product_id, quantity, unit_price) VALUES ('494.0', '278.0', '25.0', '338.0', '47.48');
INSERT INTO order_items (id, order_id, product_id, quantity, unit_price) VALUES ('495.0', '294.0', '13.0', '947.0', '93.18');
INSERT INTO order_items (id, order_id, product_id, quantity, unit_price) VALUES ('496.0', '20.0', '33.0', '999.0', '12.3');
INSERT INTO order_items (id, order_id, product_id, quantity, unit_price) VALUES ('497.0', '253.0', '55.0', '954.0', '98.57');
INSERT INTO order_items (id, order_id, product_id, quantity, unit_price) VALUES ('498.0', '256.0', '6.0', '755.0', '5.9');
INSERT INTO order_items (id, order_id, product_id, quantity, unit_price) VALUES ('499.0', '91.0', '16.0', '601.0', '99.36');
INSERT INTO order_items (id, order_id, product_id, quantity, unit_price) VALUES ('500.0', '84.0', '42.0', '68.0', '27.16');
INSERT INTO order_items (id, order_id, product_id, quantity, unit_price) VALUES ('501.0', '78.0', '71.0', '912.0', '85.69');
INSERT INTO order_items (id, order_id, product_id, quantity, unit_price) VALUES ('502.0', '235.0', '22.0', '350.0', '47.03');
INSERT INTO order_items (id, order_id, product_id, quantity, unit_price) VALUES ('503.0', '18.0', '37.0', '524.0', '72.62');
INSERT INTO order_items (id, order_id, product_id, quantity, unit_price) VALUES ('504.0', '179.0', '38.0', '278.0', '21.86');
INSERT INTO order_items (id, order_id, product_id, quantity, unit_price) VALUES ('505.0', '287.0', '95.0', '182.0', '15.32');
INSERT INTO order_items (id, order_id, product_id, quantity, unit_price) VALUES ('506.0', '80.0', '69.0', '769.0', '72.79');
INSERT INTO order_items (id, order_id, product_id, quantity, unit_price) VALUES ('507.0', '168.0', '89.0', '764.0', '23.35');
INSERT INTO order_items (id, order_id, product_id, quantity, unit_price) VALUES ('508.0', '83.0', '44.0', '819.0', '77.97');
INSERT INTO order_items (id, order_id, product_id, quantity, unit_price) VALUES ('509.0', '205.0', '22.0', '455.0', '86.79');
INSERT INTO order_items (id, order_id, product_id, quantity, unit_price) VALUES ('510.0', '153.0', '55.0', '793.0', '40.98');
INSERT INTO order_items (id, order_id, product_id, quantity, unit_price) VALUES ('511.0', '246.0', '26.0', '86.0', '1.25');
INSERT INTO order_items (id, order_id, product_id, quantity, unit_price) VALUES ('512.0', '192.0', '82.0', '622.0', '65.91');
INSERT INTO order_items (id, order_id, product_id, quantity, unit_price) VALUES ('513.0', '27.0', '75.0', '538.0', '55.05');
INSERT INTO order_items (id, order_id, product_id, quantity, unit_price) VALUES ('514.0', '40.0', '89.0', '689.0', '65.67');
INSERT INTO order_items (id, order_id, product_id, quantity, unit_price) VALUES ('515.0', '74.0', '27.0', '331.0', '34.42');
INSERT INTO order_items (id, order_id, product_id, quantity, unit_price) VALUES ('516.0', '186.0', '21.0', '751.0', '27.35');
INSERT INTO order_items (id, order_id, product_id, quantity, unit_price) VALUES ('517.0', '120.0', '1.0', '3.0', '30.31');
INSERT INTO order_items (id, order_id, product_id, quantity, unit_price) VALUES ('518.0', '52.0', '47.0', '252.0', '46.74');
INSERT INTO order_items (id, order_id, product_id, quantity, unit_price) VALUES ('519.0', '25.0', '33.0', '589.0', '41.83');
INSERT INTO order_items (id, order_id, product_id, quantity, unit_price) VALUES ('520.0', '239.0', '15.0', '145.0', '62.03');
INSERT INTO order_items (id, order_id, product_id, quantity, unit_price) VALUES ('521.0', '119.0', '100.0', '882.0', '41.05');
INSERT INTO order_items (id, order_id, product_id, quantity, unit_price) VALUES ('522.0', '84.0', '36.0', '251.0', '85.52');
INSERT INTO order_items (id, order_id, product_id, quantity, unit_price) VALUES ('523.0', '158.0', '31.0', '864.0', '2.46');
INSERT INTO order_items (id, order_id, product_id, quantity, unit_price) VALUES ('524.0', '98.0', '74.0', '269.0', '64.91');
INSERT INTO order_items (id, order_id, product_id, quantity, unit_price) VALUES ('525.0', '243.0', '15.0', '740.0', '85.28');
INSERT INTO order_items (id, order_id, product_id, quantity, unit_price) VALUES ('526.0', '276.0', '37.0', '945.0', '95.82');
INSERT INTO order_items (id, order_id, product_id, quantity, unit_price) VALUES ('527.0', '290.0', '19.0', '133.0', '20.47');
INSERT INTO order_items (id, order_id, product_id, quantity, unit_price) VALUES ('528.0', '206.0', '55.0', '430.0', '24.75');
INSERT INTO order_items (id, order_id, product_id, quantity, unit_price) VALUES ('529.0', '140.0', '41.0', '969.0', '38.97');
INSERT INTO order_items (id, order_id, product_id, quantity, unit_price) VALUES ('530.0', '109.0', '76.0', '412.0', '94.24');
INSERT INTO order_items (id, order_id, product_id, quantity, unit_price) VALUES ('531.0', '125.0', '99.0', '557.0', '60.85');
INSERT INTO order_items (id, order_id, product_id, quantity, unit_price) VALUES ('532.0', '152.0', '88.0', '456.0', '46.45');
INSERT INTO order_items (id, order_id, product_id, quantity, unit_price) VALUES ('533.0', '130.0', '80.0', '793.0', '37.09');
INSERT INTO order_items (id, order_id, product_id, quantity, unit_price) VALUES ('534.0', '263.0', '32.0', '912.0', '34.92');
INSERT INTO order_items (id, order_id, product_id, quantity, unit_price) VALUES ('535.0', '41.0', '76.0', '814.0', '65.46');
INSERT INTO order_items (id, order_id, product_id, quantity, unit_price) VALUES ('536.0', '263.0', '92.0', '984.0', '63.44');
INSERT INTO order_items (id, order_id, product_id, quantity, unit_price) VALUES ('537.0', '199.0', '38.0', '73.0', '34.57');
INSERT INTO order_items (id, order_id, product_id, quantity, unit_price) VALUES ('538.0', '57.0', '69.0', '318.0', '9.39');
INSERT INTO order_items (id, order_id, product_id, quantity, unit_price) VALUES ('539.0', '190.0', '99.0', '127.0', '22.75');
INSERT INTO order_items (id, order_id, product_id, quantity, unit_price) VALUES ('540.0', '228.0', '41.0', '541.0', '35.33');
INSERT INTO order_items (id, order_id, product_id, quantity, unit_price) VALUES ('541.0', '27.0', '39.0', '543.0', '40.97');
INSERT INTO order_items (id, order_id, product_id, quantity, unit_price) VALUES ('542.0', '161.0', '91.0', '321.0', '14.36');
INSERT INTO order_items (id, order_id, product_id, quantity, unit_price) VALUES ('543.0', '121.0', '96.0', '631.0', '96.46');
INSERT INTO order_items (id, order_id, product_id, quantity, unit_price) VALUES ('544.0', '267.0', '61.0', '61.0', '41.0');
INSERT INTO order_items (id, order_id, product_id, quantity, unit_price) VALUES ('545.0', '239.0', '91.0', '232.0', '41.32');
INSERT INTO order_items (id, order_id, product_id, quantity, unit_price) VALUES ('546.0', '70.0', '43.0', '407.0', '82.96');
INSERT INTO order_items (id, order_id, product_id, quantity, unit_price) VALUES ('547.0', '289.0', '78.0', '572.0', '1.44');
INSERT INTO order_items (id, order_id, product_id, quantity, unit_price) VALUES ('548.0', '173.0', '82.0', '575.0', '93.51');
INSERT INTO order_items (id, order_id, product_id, quantity, unit_price) VALUES ('549.0', '232.0', '95.0', '648.0', '89.92');
INSERT INTO order_items (id, order_id, product_id, quantity, unit_price) VALUES ('550.0', '75.0', '17.0', '212.0', '9.35');
INSERT INTO order_items (id, order_id, product_id, quantity, unit_price) VALUES ('551.0', '292.0', '59.0', '39.0', '90.54');
INSERT INTO order_items (id, order_id, product_id, quantity, unit_price) VALUES ('552.0', '132.0', '77.0', '648.0', '85.31');
INSERT INTO order_items (id, order_id, product_id, quantity, unit_price) VALUES ('553.0', '190.0', '17.0', '671.0', '7.5');
INSERT INTO order_items (id, order_id, product_id, quantity, unit_price) VALUES ('554.0', '44.0', '74.0', '461.0', '11.4');
INSERT INTO order_items (id, order_id, product_id, quantity, unit_price) VALUES ('555.0', '40.0', '59.0', '486.0', '74.0');
INSERT INTO order_items (id, order_id, product_id, quantity, unit_price) VALUES ('556.0', '279.0', '48.0', '828.0', '30.42');
INSERT INTO order_items (id, order_id, product_id, quantity, unit_price) VALUES ('557.0', '174.0', '6.0', '152.0', '16.34');
INSERT INTO order_items (id, order_id, product_id, quantity, unit_price) VALUES ('558.0', '111.0', '26.0', '616.0', '42.23');
INSERT INTO order_items (id, order_id, product_id, quantity, unit_price) VALUES ('559.0', '29.0', '92.0', '125.0', '50.02');
INSERT INTO order_items (id, order_id, product_id, quantity, unit_price) VALUES ('560.0', '246.0', '84.0', '196.0', '35.8');
INSERT INTO order_items (id, order_id, product_id, quantity, unit_price) VALUES ('561.0', '72.0', '82.0', '573.0', '3.05');
INSERT INTO order_items (id, order_id, product_id, quantity, unit_price) VALUES ('562.0', '78.0', '48.0', '375.0', '92.59');
INSERT INTO order_items (id, order_id, product_id, quantity, unit_price) VALUES ('563.0', '24.0', '39.0', '587.0', '20.12');
INSERT INTO order_items (id, order_id, product_id, quantity, unit_price) VALUES ('564.0', '230.0', '5.0', '205.0', '38.6');
INSERT INTO order_items (id, order_id, product_id, quantity, unit_price) VALUES ('565.0', '168.0', '35.0', '420.0', '51.41');
INSERT INTO order_items (id, order_id, product_id, quantity, unit_price) VALUES ('566.0', '280.0', '56.0', '697.0', '40.13');
INSERT INTO order_items (id, order_id, product_id, quantity, unit_price) VALUES ('567.0', '74.0', '100.0', '105.0', '45.84');
INSERT INTO order_items (id, order_id, product_id, quantity, unit_price) VALUES ('568.0', '264.0', '54.0', '887.0', '94.41');
INSERT INTO order_items (id, order_id, product_id, quantity, unit_price) VALUES ('569.0', '153.0', '77.0', '403.0', '18.71');
INSERT INTO order_items (id, order_id, product_id, quantity, unit_price) VALUES ('570.0', '208.0', '32.0', '24.0', '63.39');
INSERT INTO order_items (id, order_id, product_id, quantity, unit_price) VALUES ('571.0', '286.0', '52.0', '963.0', '2.82');
INSERT INTO order_items (id, order_id, product_id, quantity, unit_price) VALUES ('572.0', '175.0', '38.0', '336.0', '15.55');
INSERT INTO order_items (id, order_id, product_id, quantity, unit_price) VALUES ('573.0', '97.0', '36.0', '27.0', '63.31');
INSERT INTO order_items (id, order_id, product_id, quantity, unit_price) VALUES ('574.0', '209.0', '78.0', '696.0', '41.96');
INSERT INTO order_items (id, order_id, product_id, quantity, unit_price) VALUES ('575.0', '94.0', '64.0', '316.0', '98.31');
INSERT INTO order_items (id, order_id, product_id, quantity, unit_price) VALUES ('576.0', '134.0', '12.0', '994.0', '39.99');
INSERT INTO order_items (id, order_id, product_id, quantity, unit_price) VALUES ('577.0', '134.0', '12.0', '857.0', '67.02');
INSERT INTO order_items (id, order_id, product_id, quantity, unit_price) VALUES ('578.0', '184.0', '96.0', '595.0', '11.49');
INSERT INTO order_items (id, order_id, product_id, quantity, unit_price) VALUES ('579.0', '2.0', '26.0', '698.0', '43.91');
INSERT INTO order_items (id, order_id, product_id, quantity, unit_price) VALUES ('580.0', '176.0', '52.0', '241.0', '16.15');
INSERT INTO order_items (id, order_id, product_id, quantity, unit_price) VALUES ('581.0', '66.0', '57.0', '621.0', '44.3');
INSERT INTO order_items (id, order_id, product_id, quantity, unit_price) VALUES ('582.0', '119.0', '24.0', '950.0', '98.13');
INSERT INTO order_items (id, order_id, product_id, quantity, unit_price) VALUES ('583.0', '296.0', '14.0', '166.0', '41.52');
INSERT INTO order_items (id, order_id, product_id, quantity, unit_price) VALUES ('584.0', '244.0', '51.0', '849.0', '11.21');
INSERT INTO order_items (id, order_id, product_id, quantity, unit_price) VALUES ('585.0', '58.0', '24.0', '630.0', '43.48');
INSERT INTO order_items (id, order_id, product_id, quantity, unit_price) VALUES ('586.0', '24.0', '13.0', '920.0', '3.0');
INSERT INTO order_items (id, order_id, product_id, quantity, unit_price) VALUES ('587.0', '61.0', '61.0', '170.0', '98.71');
INSERT INTO order_items (id, order_id, product_id, quantity, unit_price) VALUES ('588.0', '268.0', '17.0', '293.0', '18.62');
INSERT INTO order_items (id, order_id, product_id, quantity, unit_price) VALUES ('589.0', '40.0', '75.0', '363.0', '7.48');
INSERT INTO order_items (id, order_id, product_id, quantity, unit_price) VALUES ('590.0', '286.0', '29.0', '251.0', '60.98');
INSERT INTO order_items (id, order_id, product_id, quantity, unit_price) VALUES ('591.0', '204.0', '40.0', '608.0', '84.7');
INSERT INTO order_items (id, order_id, product_id, quantity, unit_price) VALUES ('592.0', '189.0', '62.0', '925.0', '27.96');
INSERT INTO order_items (id, order_id, product_id, quantity, unit_price) VALUES ('593.0', '59.0', '76.0', '622.0', '16.51');
INSERT INTO order_items (id, order_id, product_id, quantity, unit_price) VALUES ('594.0', '66.0', '23.0', '881.0', '97.08');
INSERT INTO order_items (id, order_id, product_id, quantity, unit_price) VALUES ('595.0', '283.0', '3.0', '698.0', '10.5');
INSERT INTO order_items (id, order_id, product_id, quantity, unit_price) VALUES ('596.0', '205.0', '42.0', '908.0', '11.92');
INSERT INTO order_items (id, order_id, product_id, quantity, unit_price) VALUES ('597.0', '26.0', '6.0', '626.0', '69.57');
INSERT INTO order_items (id, order_id, product_id, quantity, unit_price) VALUES ('598.0', '294.0', '45.0', '352.0', '59.64');
INSERT INTO order_items (id, order_id, product_id, quantity, unit_price) VALUES ('599.0', '141.0', '51.0', '732.0', '65.88');
INSERT INTO order_items (id, order_id, product_id, quantity, unit_price) VALUES ('600.0', '186.0', '54.0', '203.0', '82.37');
INSERT INTO order_items (id, order_id, product_id, quantity, unit_price) VALUES ('601.0', '81.0', '8.0', '124.0', '81.91');
INSERT INTO order_items (id, order_id, product_id, quantity, unit_price) VALUES ('602.0', '255.0', '43.0', '43.0', '23.38');
INSERT INTO order_items (id, order_id, product_id, quantity, unit_price) VALUES ('603.0', '260.0', '20.0', '604.0', '90.72');
INSERT INTO order_items (id, order_id, product_id, quantity, unit_price) VALUES ('604.0', '138.0', '13.0', '472.0', '36.9');
INSERT INTO order_items (id, order_id, product_id, quantity, unit_price) VALUES ('605.0', '48.0', '83.0', '200.0', '41.76');
INSERT INTO order_items (id, order_id, product_id, quantity, unit_price) VALUES ('606.0', '42.0', '8.0', '197.0', '23.07');
INSERT INTO order_items (id, order_id, product_id, quantity, unit_price) VALUES ('607.0', '54.0', '60.0', '958.0', '51.12');
INSERT INTO order_items (id, order_id, product_id, quantity, unit_price) VALUES ('608.0', '73.0', '69.0', '457.0', '64.58');
INSERT INTO order_items (id, order_id, product_id, quantity, unit_price) VALUES ('609.0', '187.0', '74.0', '347.0', '1.85');
INSERT INTO order_items (id, order_id, product_id, quantity, unit_price) VALUES ('610.0', '39.0', '14.0', '258.0', '12.16');
INSERT INTO order_items (id, order_id, product_id, quantity, unit_price) VALUES ('611.0', '72.0', '20.0', '708.0', '47.87');
INSERT INTO order_items (id, order_id, product_id, quantity, unit_price) VALUES ('612.0', '38.0', '100.0', '316.0', '38.74');
INSERT INTO order_items (id, order_id, product_id, quantity, unit_price) VALUES ('613.0', '42.0', '13.0', '497.0', '21.13');
INSERT INTO order_items (id, order_id, product_id, quantity, unit_price) VALUES ('614.0', '11.0', '46.0', '522.0', '38.14');
INSERT INTO order_items (id, order_id, product_id, quantity, unit_price) VALUES ('615.0', '148.0', '25.0', '63.0', '89.94');
INSERT INTO order_items (id, order_id, product_id, quantity, unit_price) VALUES ('616.0', '23.0', '97.0', '41.0', '25.17');
INSERT INTO order_items (id, order_id, product_id, quantity, unit_price) VALUES ('617.0', '211.0', '36.0', '241.0', '54.19');
INSERT INTO order_items (id, order_id, product_id, quantity, unit_price) VALUES ('618.0', '175.0', '93.0', '205.0', '64.24');
INSERT INTO order_items (id, order_id, product_id, quantity, unit_price) VALUES ('619.0', '118.0', '2.0', '809.0', '75.6');
INSERT INTO order_items (id, order_id, product_id, quantity, unit_price) VALUES ('620.0', '140.0', '96.0', '803.0', '5.16');
INSERT INTO order_items (id, order_id, product_id, quantity, unit_price) VALUES ('621.0', '147.0', '14.0', '858.0', '62.85');
INSERT INTO order_items (id, order_id, product_id, quantity, unit_price) VALUES ('622.0', '99.0', '76.0', '175.0', '37.43');
INSERT INTO order_items (id, order_id, product_id, quantity, unit_price) VALUES ('623.0', '1.0', '82.0', '266.0', '93.09');
INSERT INTO order_items (id, order_id, product_id, quantity, unit_price) VALUES ('624.0', '259.0', '94.0', '34.0', '75.3');
INSERT INTO order_items (id, order_id, product_id, quantity, unit_price) VALUES ('625.0', '57.0', '68.0', '42.0', '50.54');
INSERT INTO order_items (id, order_id, product_id, quantity, unit_price) VALUES ('626.0', '71.0', '64.0', '546.0', '23.41');
INSERT INTO order_items (id, order_id, product_id, quantity, unit_price) VALUES ('627.0', '166.0', '19.0', '693.0', '50.9');
INSERT INTO order_items (id, order_id, product_id, quantity, unit_price) VALUES ('628.0', '80.0', '35.0', '148.0', '61.87');
INSERT INTO order_items (id, order_id, product_id, quantity, unit_price) VALUES ('629.0', '262.0', '86.0', '1.0', '24.76');
INSERT INTO order_items (id, order_id, product_id, quantity, unit_price) VALUES ('630.0', '139.0', '12.0', '828.0', '83.21');
INSERT INTO order_items (id, order_id, product_id, quantity, unit_price) VALUES ('631.0', '155.0', '41.0', '59.0', '66.04');
INSERT INTO order_items (id, order_id, product_id, quantity, unit_price) VALUES ('632.0', '45.0', '23.0', '89.0', '84.4');
INSERT INTO order_items (id, order_id, product_id, quantity, unit_price) VALUES ('633.0', '224.0', '48.0', '480.0', '1.61');
INSERT INTO order_items (id, order_id, product_id, quantity, unit_price) VALUES ('634.0', '208.0', '48.0', '349.0', '73.29');
INSERT INTO order_items (id, order_id, product_id, quantity, unit_price) VALUES ('635.0', '168.0', '83.0', '606.0', '88.24');
INSERT INTO order_items (id, order_id, product_id, quantity, unit_price) VALUES ('636.0', '237.0', '63.0', '608.0', '71.44');
INSERT INTO order_items (id, order_id, product_id, quantity, unit_price) VALUES ('637.0', '169.0', '71.0', '529.0', '30.42');
INSERT INTO order_items (id, order_id, product_id, quantity, unit_price) VALUES ('638.0', '295.0', '20.0', '611.0', '5.03');
INSERT INTO order_items (id, order_id, product_id, quantity, unit_price) VALUES ('639.0', '132.0', '32.0', '242.0', '8.1');
INSERT INTO order_items (id, order_id, product_id, quantity, unit_price) VALUES ('640.0', '191.0', '39.0', '895.0', '50.43');
INSERT INTO order_items (id, order_id, product_id, quantity, unit_price) VALUES ('641.0', '124.0', '52.0', '560.0', '20.87');
INSERT INTO order_items (id, order_id, product_id, quantity, unit_price) VALUES ('642.0', '214.0', '34.0', '781.0', '93.67');
INSERT INTO order_items (id, order_id, product_id, quantity, unit_price) VALUES ('643.0', '12.0', '65.0', '937.0', '75.07');
INSERT INTO order_items (id, order_id, product_id, quantity, unit_price) VALUES ('644.0', '277.0', '29.0', '807.0', '8.46');
INSERT INTO order_items (id, order_id, product_id, quantity, unit_price) VALUES ('645.0', '34.0', '35.0', '628.0', '78.58');
INSERT INTO order_items (id, order_id, product_id, quantity, unit_price) VALUES ('646.0', '275.0', '23.0', '951.0', '98.44');
INSERT INTO order_items (id, order_id, product_id, quantity, unit_price) VALUES ('647.0', '225.0', '21.0', '370.0', '63.82');
INSERT INTO order_items (id, order_id, product_id, quantity, unit_price) VALUES ('648.0', '178.0', '13.0', '34.0', '72.39');
INSERT INTO order_items (id, order_id, product_id, quantity, unit_price) VALUES ('649.0', '37.0', '84.0', '291.0', '38.83');
INSERT INTO order_items (id, order_id, product_id, quantity, unit_price) VALUES ('650.0', '152.0', '26.0', '562.0', '63.37');
INSERT INTO order_items (id, order_id, product_id, quantity, unit_price) VALUES ('651.0', '35.0', '48.0', '513.0', '71.79');
INSERT INTO order_items (id, order_id, product_id, quantity, unit_price) VALUES ('652.0', '288.0', '72.0', '330.0', '78.69');
INSERT INTO order_items (id, order_id, product_id, quantity, unit_price) VALUES ('653.0', '86.0', '87.0', '255.0', '94.28');
INSERT INTO order_items (id, order_id, product_id, quantity, unit_price) VALUES ('654.0', '92.0', '85.0', '22.0', '69.27');
INSERT INTO order_items (id, order_id, product_id, quantity, unit_price) VALUES ('655.0', '22.0', '66.0', '987.0', '48.04');
INSERT INTO order_items (id, order_id, product_id, quantity, unit_price) VALUES ('656.0', '283.0', '93.0', '698.0', '68.24');
INSERT INTO order_items (id, order_id, product_id, quantity, unit_price) VALUES ('657.0', '161.0', '92.0', '411.0', '70.78');
INSERT INTO order_items (id, order_id, product_id, quantity, unit_price) VALUES ('658.0', '4.0', '52.0', '529.0', '78.26');
INSERT INTO order_items (id, order_id, product_id, quantity, unit_price) VALUES ('659.0', '35.0', '49.0', '937.0', '85.29');
INSERT INTO order_items (id, order_id, product_id, quantity, unit_price) VALUES ('660.0', '235.0', '88.0', '41.0', '11.53');
INSERT INTO order_items (id, order_id, product_id, quantity, unit_price) VALUES ('661.0', '219.0', '26.0', '516.0', '18.76');
INSERT INTO order_items (id, order_id, product_id, quantity, unit_price) VALUES ('662.0', '283.0', '16.0', '105.0', '75.89');
INSERT INTO order_items (id, order_id, product_id, quantity, unit_price) VALUES ('663.0', '111.0', '26.0', '257.0', '41.16');
INSERT INTO order_items (id, order_id, product_id, quantity, unit_price) VALUES ('664.0', '166.0', '48.0', '114.0', '9.5');
INSERT INTO order_items (id, order_id, product_id, quantity, unit_price) VALUES ('665.0', '70.0', '8.0', '76.0', '74.9');
INSERT INTO order_items (id, order_id, product_id, quantity, unit_price) VALUES ('666.0', '234.0', '11.0', '988.0', '8.26');
INSERT INTO order_items (id, order_id, product_id, quantity, unit_price) VALUES ('667.0', '146.0', '89.0', '536.0', '33.5');
INSERT INTO order_items (id, order_id, product_id, quantity, unit_price) VALUES ('668.0', '144.0', '56.0', '906.0', '30.76');
INSERT INTO order_items (id, order_id, product_id, quantity, unit_price) VALUES ('669.0', '284.0', '63.0', '407.0', '91.66');
INSERT INTO order_items (id, order_id, product_id, quantity, unit_price) VALUES ('670.0', '265.0', '70.0', '948.0', '80.76');
INSERT INTO order_items (id, order_id, product_id, quantity, unit_price) VALUES ('671.0', '74.0', '13.0', '591.0', '39.9');
INSERT INTO order_items (id, order_id, product_id, quantity, unit_price) VALUES ('672.0', '200.0', '62.0', '22.0', '22.99');
INSERT INTO order_items (id, order_id, product_id, quantity, unit_price) VALUES ('673.0', '218.0', '28.0', '586.0', '87.13');
INSERT INTO order_items (id, order_id, product_id, quantity, unit_price) VALUES ('674.0', '108.0', '5.0', '239.0', '76.62');
INSERT INTO order_items (id, order_id, product_id, quantity, unit_price) VALUES ('675.0', '164.0', '89.0', '475.0', '62.7');
INSERT INTO order_items (id, order_id, product_id, quantity, unit_price) VALUES ('676.0', '32.0', '31.0', '133.0', '24.98');
INSERT INTO order_items (id, order_id, product_id, quantity, unit_price) VALUES ('677.0', '103.0', '83.0', '729.0', '22.95');
INSERT INTO order_items (id, order_id, product_id, quantity, unit_price) VALUES ('678.0', '5.0', '9.0', '972.0', '71.29');
INSERT INTO order_items (id, order_id, product_id, quantity, unit_price) VALUES ('679.0', '66.0', '69.0', '935.0', '10.93');
INSERT INTO order_items (id, order_id, product_id, quantity, unit_price) VALUES ('680.0', '85.0', '12.0', '636.0', '25.71');
INSERT INTO order_items (id, order_id, product_id, quantity, unit_price) VALUES ('681.0', '283.0', '36.0', '970.0', '48.04');
INSERT INTO order_items (id, order_id, product_id, quantity, unit_price) VALUES ('682.0', '11.0', '80.0', '146.0', '16.06');
INSERT INTO order_items (id, order_id, product_id, quantity, unit_price) VALUES ('683.0', '179.0', '10.0', '623.0', '34.32');
INSERT INTO order_items (id, order_id, product_id, quantity, unit_price) VALUES ('684.0', '98.0', '39.0', '900.0', '79.73');
INSERT INTO order_items (id, order_id, product_id, quantity, unit_price) VALUES ('685.0', '65.0', '27.0', '468.0', '37.35');
INSERT INTO order_items (id, order_id, product_id, quantity, unit_price) VALUES ('686.0', '19.0', '30.0', '348.0', '66.35');
INSERT INTO order_items (id, order_id, product_id, quantity, unit_price) VALUES ('687.0', '291.0', '91.0', '634.0', '54.26');
INSERT INTO order_items (id, order_id, product_id, quantity, unit_price) VALUES ('688.0', '15.0', '91.0', '402.0', '13.02');
INSERT INTO order_items (id, order_id, product_id, quantity, unit_price) VALUES ('689.0', '22.0', '72.0', '302.0', '4.92');
INSERT INTO order_items (id, order_id, product_id, quantity, unit_price) VALUES ('690.0', '287.0', '35.0', '959.0', '60.91');
INSERT INTO order_items (id, order_id, product_id, quantity, unit_price) VALUES ('691.0', '270.0', '83.0', '144.0', '52.27');
INSERT INTO order_items (id, order_id, product_id, quantity, unit_price) VALUES ('692.0', '11.0', '2.0', '903.0', '20.69');
INSERT INTO order_items (id, order_id, product_id, quantity, unit_price) VALUES ('693.0', '111.0', '97.0', '278.0', '52.04');
INSERT INTO order_items (id, order_id, product_id, quantity, unit_price) VALUES ('694.0', '59.0', '30.0', '992.0', '93.48');
INSERT INTO order_items (id, order_id, product_id, quantity, unit_price) VALUES ('695.0', '157.0', '78.0', '985.0', '55.51');
INSERT INTO order_items (id, order_id, product_id, quantity, unit_price) VALUES ('696.0', '65.0', '18.0', '672.0', '58.68');
INSERT INTO order_items (id, order_id, product_id, quantity, unit_price) VALUES ('697.0', '166.0', '30.0', '578.0', '56.82');
INSERT INTO order_items (id, order_id, product_id, quantity, unit_price) VALUES ('698.0', '108.0', '59.0', '249.0', '41.22');
INSERT INTO order_items (id, order_id, product_id, quantity, unit_price) VALUES ('699.0', '100.0', '56.0', '692.0', '9.9');
INSERT INTO order_items (id, order_id, product_id, quantity, unit_price) VALUES ('700.0', '285.0', '40.0', '326.0', '58.61');
INSERT INTO order_items (id, order_id, product_id, quantity, unit_price) VALUES ('701.0', '59.0', '21.0', '209.0', '88.2');
INSERT INTO order_items (id, order_id, product_id, quantity, unit_price) VALUES ('702.0', '217.0', '89.0', '306.0', '6.71');
INSERT INTO order_items (id, order_id, product_id, quantity, unit_price) VALUES ('703.0', '209.0', '77.0', '824.0', '83.64');
INSERT INTO order_items (id, order_id, product_id, quantity, unit_price) VALUES ('704.0', '14.0', '22.0', '158.0', '8.37');
INSERT INTO order_items (id, order_id, product_id, quantity, unit_price) VALUES ('705.0', '199.0', '20.0', '904.0', '63.84');
INSERT INTO order_items (id, order_id, product_id, quantity, unit_price) VALUES ('706.0', '193.0', '63.0', '358.0', '56.93');
INSERT INTO order_items (id, order_id, product_id, quantity, unit_price) VALUES ('707.0', '176.0', '99.0', '483.0', '33.59');
INSERT INTO order_items (id, order_id, product_id, quantity, unit_price) VALUES ('708.0', '187.0', '90.0', '527.0', '29.71');
INSERT INTO order_items (id, order_id, product_id, quantity, unit_price) VALUES ('709.0', '229.0', '23.0', '436.0', '93.79');
INSERT INTO order_items (id, order_id, product_id, quantity, unit_price) VALUES ('710.0', '10.0', '83.0', '410.0', '12.04');
INSERT INTO order_items (id, order_id, product_id, quantity, unit_price) VALUES ('711.0', '34.0', '42.0', '879.0', '70.02');
INSERT INTO order_items (id, order_id, product_id, quantity, unit_price) VALUES ('712.0', '74.0', '95.0', '23.0', '69.85');
INSERT INTO order_items (id, order_id, product_id, quantity, unit_price) VALUES ('713.0', '150.0', '26.0', '409.0', '20.06');
INSERT INTO order_items (id, order_id, product_id, quantity, unit_price) VALUES ('714.0', '58.0', '89.0', '147.0', '69.87');
INSERT INTO order_items (id, order_id, product_id, quantity, unit_price) VALUES ('715.0', '39.0', '76.0', '495.0', '56.79');
INSERT INTO order_items (id, order_id, product_id, quantity, unit_price) VALUES ('716.0', '127.0', '18.0', '557.0', '83.49');
INSERT INTO order_items (id, order_id, product_id, quantity, unit_price) VALUES ('717.0', '38.0', '15.0', '186.0', '28.03');
INSERT INTO order_items (id, order_id, product_id, quantity, unit_price) VALUES ('718.0', '263.0', '53.0', '56.0', '64.58');
INSERT INTO order_items (id, order_id, product_id, quantity, unit_price) VALUES ('719.0', '33.0', '76.0', '169.0', '15.48');
INSERT INTO order_items (id, order_id, product_id, quantity, unit_price) VALUES ('720.0', '294.0', '97.0', '734.0', '41.39');
INSERT INTO order_items (id, order_id, product_id, quantity, unit_price) VALUES ('721.0', '89.0', '67.0', '513.0', '28.74');
INSERT INTO order_items (id, order_id, product_id, quantity, unit_price) VALUES ('722.0', '294.0', '51.0', '659.0', '3.02');
INSERT INTO order_items (id, order_id, product_id, quantity, unit_price) VALUES ('723.0', '287.0', '1.0', '260.0', '19.52');
INSERT INTO order_items (id, order_id, product_id, quantity, unit_price) VALUES ('724.0', '165.0', '67.0', '485.0', '69.79');
INSERT INTO order_items (id, order_id, product_id, quantity, unit_price) VALUES ('725.0', '98.0', '58.0', '876.0', '91.56');
INSERT INTO order_items (id, order_id, product_id, quantity, unit_price) VALUES ('726.0', '114.0', '16.0', '1.0', '77.45');
INSERT INTO order_items (id, order_id, product_id, quantity, unit_price) VALUES ('727.0', '91.0', '13.0', '787.0', '30.46');
INSERT INTO order_items (id, order_id, product_id, quantity, unit_price) VALUES ('728.0', '83.0', '8.0', '9.0', '25.28');
INSERT INTO order_items (id, order_id, product_id, quantity, unit_price) VALUES ('729.0', '235.0', '64.0', '175.0', '10.46');
INSERT INTO order_items (id, order_id, product_id, quantity, unit_price) VALUES ('730.0', '96.0', '79.0', '811.0', '17.92');
INSERT INTO order_items (id, order_id, product_id, quantity, unit_price) VALUES ('731.0', '246.0', '47.0', '408.0', '20.96');
INSERT INTO order_items (id, order_id, product_id, quantity, unit_price) VALUES ('732.0', '56.0', '99.0', '53.0', '91.75');
INSERT INTO order_items (id, order_id, product_id, quantity, unit_price) VALUES ('733.0', '96.0', '76.0', '901.0', '64.6');
INSERT INTO order_items (id, order_id, product_id, quantity, unit_price) VALUES ('734.0', '272.0', '100.0', '449.0', '64.32');
INSERT INTO order_items (id, order_id, product_id, quantity, unit_price) VALUES ('735.0', '175.0', '10.0', '89.0', '13.72');
INSERT INTO order_items (id, order_id, product_id, quantity, unit_price) VALUES ('736.0', '28.0', '75.0', '944.0', '17.53');
INSERT INTO order_items (id, order_id, product_id, quantity, unit_price) VALUES ('737.0', '149.0', '93.0', '846.0', '59.56');
INSERT INTO order_items (id, order_id, product_id, quantity, unit_price) VALUES ('738.0', '217.0', '12.0', '947.0', '92.68');
INSERT INTO order_items (id, order_id, product_id, quantity, unit_price) VALUES ('739.0', '30.0', '10.0', '796.0', '14.79');
INSERT INTO order_items (id, order_id, product_id, quantity, unit_price) VALUES ('740.0', '33.0', '47.0', '193.0', '88.93');
INSERT INTO order_items (id, order_id, product_id, quantity, unit_price) VALUES ('741.0', '103.0', '20.0', '437.0', '14.04');
INSERT INTO order_items (id, order_id, product_id, quantity, unit_price) VALUES ('742.0', '237.0', '22.0', '767.0', '1.53');
INSERT INTO order_items (id, order_id, product_id, quantity, unit_price) VALUES ('743.0', '283.0', '2.0', '169.0', '91.79');
INSERT INTO order_items (id, order_id, product_id, quantity, unit_price) VALUES ('744.0', '12.0', '45.0', '156.0', '5.8');
INSERT INTO order_items (id, order_id, product_id, quantity, unit_price) VALUES ('745.0', '106.0', '31.0', '275.0', '3.98');
INSERT INTO order_items (id, order_id, product_id, quantity, unit_price) VALUES ('746.0', '262.0', '91.0', '327.0', '47.91');
INSERT INTO order_items (id, order_id, product_id, quantity, unit_price) VALUES ('747.0', '41.0', '76.0', '497.0', '95.72');
INSERT INTO order_items (id, order_id, product_id, quantity, unit_price) VALUES ('748.0', '280.0', '64.0', '327.0', '12.21');
INSERT INTO order_items (id, order_id, product_id, quantity, unit_price) VALUES ('749.0', '94.0', '95.0', '317.0', '32.22');
INSERT INTO order_items (id, order_id, product_id, quantity, unit_price) VALUES ('750.0', '33.0', '35.0', '828.0', '6.67');
INSERT INTO order_items (id, order_id, product_id, quantity, unit_price) VALUES ('751.0', '250.0', '100.0', '41.0', '4.34');
INSERT INTO order_items (id, order_id, product_id, quantity, unit_price) VALUES ('752.0', '219.0', '15.0', '716.0', '48.22');
INSERT INTO order_items (id, order_id, product_id, quantity, unit_price) VALUES ('753.0', '63.0', '39.0', '905.0', '31.04');
INSERT INTO order_items (id, order_id, product_id, quantity, unit_price) VALUES ('754.0', '75.0', '6.0', '624.0', '7.98');
INSERT INTO order_items (id, order_id, product_id, quantity, unit_price) VALUES ('755.0', '144.0', '71.0', '249.0', '80.63');
INSERT INTO order_items (id, order_id, product_id, quantity, unit_price) VALUES ('756.0', '132.0', '92.0', '159.0', '81.44');
INSERT INTO order_items (id, order_id, product_id, quantity, unit_price) VALUES ('757.0', '45.0', '78.0', '105.0', '32.62');
INSERT INTO order_items (id, order_id, product_id, quantity, unit_price) VALUES ('758.0', '197.0', '52.0', '239.0', '69.42');
INSERT INTO order_items (id, order_id, product_id, quantity, unit_price) VALUES ('759.0', '153.0', '69.0', '706.0', '47.74');
INSERT INTO order_items (id, order_id, product_id, quantity, unit_price) VALUES ('760.0', '240.0', '67.0', '497.0', '9.94');
INSERT INTO order_items (id, order_id, product_id, quantity, unit_price) VALUES ('761.0', '244.0', '51.0', '570.0', '66.12');
INSERT INTO order_items (id, order_id, product_id, quantity, unit_price) VALUES ('762.0', '207.0', '40.0', '219.0', '80.42');
INSERT INTO order_items (id, order_id, product_id, quantity, unit_price) VALUES ('763.0', '167.0', '24.0', '211.0', '77.02');
INSERT INTO order_items (id, order_id, product_id, quantity, unit_price) VALUES ('764.0', '19.0', '63.0', '232.0', '92.22');
INSERT INTO order_items (id, order_id, product_id, quantity, unit_price) VALUES ('765.0', '88.0', '7.0', '33.0', '63.34');
INSERT INTO order_items (id, order_id, product_id, quantity, unit_price) VALUES ('766.0', '79.0', '74.0', '478.0', '40.35');
INSERT INTO order_items (id, order_id, product_id, quantity, unit_price) VALUES ('767.0', '98.0', '94.0', '114.0', '93.89');
INSERT INTO order_items (id, order_id, product_id, quantity, unit_price) VALUES ('768.0', '268.0', '31.0', '331.0', '63.78');
INSERT INTO order_items (id, order_id, product_id, quantity, unit_price) VALUES ('769.0', '69.0', '62.0', '92.0', '47.85');
INSERT INTO order_items (id, order_id, product_id, quantity, unit_price) VALUES ('770.0', '142.0', '98.0', '541.0', '70.36');
INSERT INTO order_items (id, order_id, product_id, quantity, unit_price) VALUES ('771.0', '54.0', '14.0', '527.0', '71.92');
INSERT INTO order_items (id, order_id, product_id, quantity, unit_price) VALUES ('772.0', '110.0', '89.0', '538.0', '8.13');
INSERT INTO order_items (id, order_id, product_id, quantity, unit_price) VALUES ('773.0', '282.0', '25.0', '849.0', '72.37');
INSERT INTO order_items (id, order_id, product_id, quantity, unit_price) VALUES ('774.0', '205.0', '6.0', '854.0', '91.2');
INSERT INTO order_items (id, order_id, product_id, quantity, unit_price) VALUES ('775.0', '71.0', '43.0', '174.0', '94.31');
INSERT INTO order_items (id, order_id, product_id, quantity, unit_price) VALUES ('776.0', '194.0', '28.0', '547.0', '74.5');
INSERT INTO order_items (id, order_id, product_id, quantity, unit_price) VALUES ('777.0', '265.0', '74.0', '381.0', '29.2');
INSERT INTO order_items (id, order_id, product_id, quantity, unit_price) VALUES ('778.0', '244.0', '87.0', '962.0', '64.58');
INSERT INTO order_items (id, order_id, product_id, quantity, unit_price) VALUES ('779.0', '158.0', '21.0', '890.0', '60.28');
INSERT INTO order_items (id, order_id, product_id, quantity, unit_price) VALUES ('780.0', '193.0', '4.0', '306.0', '91.15');
INSERT INTO order_items (id, order_id, product_id, quantity, unit_price) VALUES ('781.0', '129.0', '55.0', '437.0', '34.36');
INSERT INTO order_items (id, order_id, product_id, quantity, unit_price) VALUES ('782.0', '138.0', '87.0', '515.0', '11.94');
INSERT INTO order_items (id, order_id, product_id, quantity, unit_price) VALUES ('783.0', '257.0', '76.0', '738.0', '8.59');
INSERT INTO order_items (id, order_id, product_id, quantity, unit_price) VALUES ('784.0', '108.0', '6.0', '927.0', '16.37');
INSERT INTO order_items (id, order_id, product_id, quantity, unit_price) VALUES ('785.0', '38.0', '80.0', '962.0', '9.87');
INSERT INTO order_items (id, order_id, product_id, quantity, unit_price) VALUES ('786.0', '123.0', '14.0', '373.0', '29.43');
INSERT INTO order_items (id, order_id, product_id, quantity, unit_price) VALUES ('787.0', '150.0', '58.0', '136.0', '12.47');
INSERT INTO order_items (id, order_id, product_id, quantity, unit_price) VALUES ('788.0', '300.0', '25.0', '573.0', '84.75');
INSERT INTO order_items (id, order_id, product_id, quantity, unit_price) VALUES ('789.0', '120.0', '88.0', '986.0', '27.94');
INSERT INTO order_items (id, order_id, product_id, quantity, unit_price) VALUES ('790.0', '135.0', '31.0', '706.0', '42.08');
INSERT INTO order_items (id, order_id, product_id, quantity, unit_price) VALUES ('791.0', '278.0', '7.0', '601.0', '75.48');
INSERT INTO order_items (id, order_id, product_id, quantity, unit_price) VALUES ('792.0', '202.0', '100.0', '711.0', '56.41');
INSERT INTO order_items (id, order_id, product_id, quantity, unit_price) VALUES ('793.0', '146.0', '64.0', '443.0', '44.58');
INSERT INTO order_items (id, order_id, product_id, quantity, unit_price) VALUES ('794.0', '115.0', '75.0', '586.0', '52.52');
INSERT INTO order_items (id, order_id, product_id, quantity, unit_price) VALUES ('795.0', '111.0', '47.0', '778.0', '4.6');
INSERT INTO order_items (id, order_id, product_id, quantity, unit_price) VALUES ('796.0', '102.0', '9.0', '244.0', '94.34');
INSERT INTO order_items (id, order_id, product_id, quantity, unit_price) VALUES ('797.0', '149.0', '77.0', '764.0', '16.25');
INSERT INTO order_items (id, order_id, product_id, quantity, unit_price) VALUES ('798.0', '88.0', '70.0', '568.0', '67.22');
INSERT INTO order_items (id, order_id, product_id, quantity, unit_price) VALUES ('799.0', '199.0', '86.0', '482.0', '53.51');
INSERT INTO order_items (id, order_id, product_id, quantity, unit_price) VALUES ('800.0', '118.0', '70.0', '106.0', '27.73');
INSERT INTO order_items (id, order_id, product_id, quantity, unit_price) VALUES ('801.0', '194.0', '3.0', '956.0', '7.59');
INSERT INTO order_items (id, order_id, product_id, quantity, unit_price) VALUES ('802.0', '8.0', '72.0', '92.0', '82.02');
INSERT INTO order_items (id, order_id, product_id, quantity, unit_price) VALUES ('803.0', '8.0', '63.0', '237.0', '13.43');
INSERT INTO order_items (id, order_id, product_id, quantity, unit_price) VALUES ('804.0', '57.0', '9.0', '31.0', '84.01');
INSERT INTO order_items (id, order_id, product_id, quantity, unit_price) VALUES ('805.0', '115.0', '6.0', '823.0', '75.07');
INSERT INTO order_items (id, order_id, product_id, quantity, unit_price) VALUES ('806.0', '260.0', '66.0', '380.0', '11.65');
INSERT INTO order_items (id, order_id, product_id, quantity, unit_price) VALUES ('807.0', '242.0', '44.0', '922.0', '52.05');
INSERT INTO order_items (id, order_id, product_id, quantity, unit_price) VALUES ('808.0', '4.0', '93.0', '990.0', '36.09');
INSERT INTO order_items (id, order_id, product_id, quantity, unit_price) VALUES ('809.0', '252.0', '34.0', '37.0', '47.04');
INSERT INTO order_items (id, order_id, product_id, quantity, unit_price) VALUES ('810.0', '93.0', '60.0', '914.0', '29.45');
INSERT INTO order_items (id, order_id, product_id, quantity, unit_price) VALUES ('811.0', '175.0', '49.0', '849.0', '53.57');
INSERT INTO order_items (id, order_id, product_id, quantity, unit_price) VALUES ('812.0', '248.0', '33.0', '691.0', '81.65');
INSERT INTO order_items (id, order_id, product_id, quantity, unit_price) VALUES ('813.0', '149.0', '11.0', '207.0', '94.81');
INSERT INTO order_items (id, order_id, product_id, quantity, unit_price) VALUES ('814.0', '91.0', '54.0', '915.0', '19.4');
INSERT INTO order_items (id, order_id, product_id, quantity, unit_price) VALUES ('815.0', '131.0', '95.0', '624.0', '66.07');
INSERT INTO order_items (id, order_id, product_id, quantity, unit_price) VALUES ('816.0', '220.0', '55.0', '162.0', '83.89');
INSERT INTO order_items (id, order_id, product_id, quantity, unit_price) VALUES ('817.0', '164.0', '41.0', '367.0', '95.07');
INSERT INTO order_items (id, order_id, product_id, quantity, unit_price) VALUES ('818.0', '192.0', '77.0', '997.0', '68.71');
INSERT INTO order_items (id, order_id, product_id, quantity, unit_price) VALUES ('819.0', '222.0', '27.0', '393.0', '3.51');
INSERT INTO order_items (id, order_id, product_id, quantity, unit_price) VALUES ('820.0', '9.0', '31.0', '853.0', '46.38');
INSERT INTO order_items (id, order_id, product_id, quantity, unit_price) VALUES ('821.0', '60.0', '59.0', '304.0', '41.71');
INSERT INTO order_items (id, order_id, product_id, quantity, unit_price) VALUES ('822.0', '132.0', '19.0', '605.0', '66.27');
INSERT INTO order_items (id, order_id, product_id, quantity, unit_price) VALUES ('823.0', '133.0', '62.0', '639.0', '65.41');
INSERT INTO order_items (id, order_id, product_id, quantity, unit_price) VALUES ('824.0', '81.0', '28.0', '60.0', '15.25');
INSERT INTO order_items (id, order_id, product_id, quantity, unit_price) VALUES ('825.0', '185.0', '53.0', '721.0', '89.41');
INSERT INTO order_items (id, order_id, product_id, quantity, unit_price) VALUES ('826.0', '92.0', '34.0', '663.0', '81.73');
INSERT INTO order_items (id, order_id, product_id, quantity, unit_price) VALUES ('827.0', '86.0', '65.0', '448.0', '68.49');
INSERT INTO order_items (id, order_id, product_id, quantity, unit_price) VALUES ('828.0', '203.0', '32.0', '572.0', '95.02');
INSERT INTO order_items (id, order_id, product_id, quantity, unit_price) VALUES ('829.0', '153.0', '18.0', '156.0', '40.06');
INSERT INTO order_items (id, order_id, product_id, quantity, unit_price) VALUES ('830.0', '56.0', '16.0', '58.0', '76.59');
INSERT INTO order_items (id, order_id, product_id, quantity, unit_price) VALUES ('831.0', '138.0', '56.0', '281.0', '66.18');
INSERT INTO order_items (id, order_id, product_id, quantity, unit_price) VALUES ('832.0', '237.0', '96.0', '260.0', '40.14');
INSERT INTO order_items (id, order_id, product_id, quantity, unit_price) VALUES ('833.0', '262.0', '42.0', '522.0', '28.31');
INSERT INTO order_items (id, order_id, product_id, quantity, unit_price) VALUES ('834.0', '22.0', '58.0', '634.0', '46.57');
INSERT INTO order_items (id, order_id, product_id, quantity, unit_price) VALUES ('835.0', '66.0', '81.0', '223.0', '62.61');
INSERT INTO order_items (id, order_id, product_id, quantity, unit_price) VALUES ('836.0', '251.0', '2.0', '126.0', '30.5');
INSERT INTO order_items (id, order_id, product_id, quantity, unit_price) VALUES ('837.0', '162.0', '60.0', '429.0', '37.02');
INSERT INTO order_items (id, order_id, product_id, quantity, unit_price) VALUES ('838.0', '182.0', '50.0', '963.0', '8.46');
INSERT INTO order_items (id, order_id, product_id, quantity, unit_price) VALUES ('839.0', '168.0', '80.0', '92.0', '90.72');
INSERT INTO order_items (id, order_id, product_id, quantity, unit_price) VALUES ('840.0', '31.0', '14.0', '272.0', '9.05');
INSERT INTO order_items (id, order_id, product_id, quantity, unit_price) VALUES ('841.0', '96.0', '48.0', '930.0', '29.36');
INSERT INTO order_items (id, order_id, product_id, quantity, unit_price) VALUES ('842.0', '59.0', '50.0', '589.0', '25.91');
INSERT INTO order_items (id, order_id, product_id, quantity, unit_price) VALUES ('843.0', '135.0', '99.0', '274.0', '99.47');
INSERT INTO order_items (id, order_id, product_id, quantity, unit_price) VALUES ('844.0', '289.0', '12.0', '559.0', '22.03');
INSERT INTO order_items (id, order_id, product_id, quantity, unit_price) VALUES ('845.0', '160.0', '21.0', '335.0', '78.48');
INSERT INTO order_items (id, order_id, product_id, quantity, unit_price) VALUES ('846.0', '81.0', '74.0', '99.0', '28.83');
INSERT INTO order_items (id, order_id, product_id, quantity, unit_price) VALUES ('847.0', '116.0', '28.0', '397.0', '52.33');
INSERT INTO order_items (id, order_id, product_id, quantity, unit_price) VALUES ('848.0', '68.0', '10.0', '169.0', '82.64');
INSERT INTO order_items (id, order_id, product_id, quantity, unit_price) VALUES ('849.0', '16.0', '62.0', '951.0', '16.03');
INSERT INTO order_items (id, order_id, product_id, quantity, unit_price) VALUES ('850.0', '94.0', '52.0', '286.0', '31.71');
INSERT INTO order_items (id, order_id, product_id, quantity, unit_price) VALUES ('851.0', '220.0', '86.0', '698.0', '40.78');
INSERT INTO order_items (id, order_id, product_id, quantity, unit_price) VALUES ('852.0', '211.0', '86.0', '346.0', '5.16');
INSERT INTO order_items (id, order_id, product_id, quantity, unit_price) VALUES ('853.0', '28.0', '34.0', '531.0', '85.52');
INSERT INTO order_items (id, order_id, product_id, quantity, unit_price) VALUES ('854.0', '160.0', '91.0', '886.0', '18.92');
INSERT INTO order_items (id, order_id, product_id, quantity, unit_price) VALUES ('855.0', '265.0', '35.0', '219.0', '4.52');
INSERT INTO order_items (id, order_id, product_id, quantity, unit_price) VALUES ('856.0', '276.0', '51.0', '269.0', '13.94');
INSERT INTO order_items (id, order_id, product_id, quantity, unit_price) VALUES ('857.0', '145.0', '84.0', '301.0', '64.43');
INSERT INTO order_items (id, order_id, product_id, quantity, unit_price) VALUES ('858.0', '192.0', '76.0', '168.0', '28.52');
INSERT INTO order_items (id, order_id, product_id, quantity, unit_price) VALUES ('859.0', '243.0', '67.0', '790.0', '69.81');
INSERT INTO order_items (id, order_id, product_id, quantity, unit_price) VALUES ('860.0', '55.0', '13.0', '270.0', '76.72');
INSERT INTO order_items (id, order_id, product_id, quantity, unit_price) VALUES ('861.0', '207.0', '37.0', '34.0', '13.77');
INSERT INTO order_items (id, order_id, product_id, quantity, unit_price) VALUES ('862.0', '252.0', '13.0', '303.0', '14.41');
INSERT INTO order_items (id, order_id, product_id, quantity, unit_price) VALUES ('863.0', '73.0', '24.0', '273.0', '47.53');
INSERT INTO order_items (id, order_id, product_id, quantity, unit_price) VALUES ('864.0', '120.0', '57.0', '410.0', '13.52');
INSERT INTO order_items (id, order_id, product_id, quantity, unit_price) VALUES ('865.0', '248.0', '23.0', '82.0', '82.27');
INSERT INTO order_items (id, order_id, product_id, quantity, unit_price) VALUES ('866.0', '146.0', '84.0', '220.0', '52.39');
INSERT INTO order_items (id, order_id, product_id, quantity, unit_price) VALUES ('867.0', '170.0', '31.0', '169.0', '7.71');
INSERT INTO order_items (id, order_id, product_id, quantity, unit_price) VALUES ('868.0', '237.0', '56.0', '946.0', '28.95');
INSERT INTO order_items (id, order_id, product_id, quantity, unit_price) VALUES ('869.0', '139.0', '4.0', '913.0', '3.51');
INSERT INTO order_items (id, order_id, product_id, quantity, unit_price) VALUES ('870.0', '162.0', '47.0', '837.0', '67.92');
INSERT INTO order_items (id, order_id, product_id, quantity, unit_price) VALUES ('871.0', '111.0', '93.0', '776.0', '97.8');
INSERT INTO order_items (id, order_id, product_id, quantity, unit_price) VALUES ('872.0', '182.0', '32.0', '130.0', '88.86');
INSERT INTO order_items (id, order_id, product_id, quantity, unit_price) VALUES ('873.0', '131.0', '6.0', '742.0', '43.87');
INSERT INTO order_items (id, order_id, product_id, quantity, unit_price) VALUES ('874.0', '204.0', '78.0', '84.0', '53.19');
INSERT INTO order_items (id, order_id, product_id, quantity, unit_price) VALUES ('875.0', '164.0', '95.0', '690.0', '93.93');
INSERT INTO order_items (id, order_id, product_id, quantity, unit_price) VALUES ('876.0', '211.0', '53.0', '410.0', '10.02');
INSERT INTO order_items (id, order_id, product_id, quantity, unit_price) VALUES ('877.0', '204.0', '65.0', '156.0', '52.78');
INSERT INTO order_items (id, order_id, product_id, quantity, unit_price) VALUES ('878.0', '103.0', '99.0', '214.0', '8.97');
INSERT INTO order_items (id, order_id, product_id, quantity, unit_price) VALUES ('879.0', '121.0', '49.0', '908.0', '46.63');
INSERT INTO order_items (id, order_id, product_id, quantity, unit_price) VALUES ('880.0', '122.0', '32.0', '232.0', '25.21');
INSERT INTO order_items (id, order_id, product_id, quantity, unit_price) VALUES ('881.0', '166.0', '44.0', '431.0', '88.02');
INSERT INTO order_items (id, order_id, product_id, quantity, unit_price) VALUES ('882.0', '45.0', '4.0', '950.0', '23.17');
INSERT INTO order_items (id, order_id, product_id, quantity, unit_price) VALUES ('883.0', '20.0', '25.0', '462.0', '86.06');
INSERT INTO order_items (id, order_id, product_id, quantity, unit_price) VALUES ('884.0', '206.0', '29.0', '24.0', '33.32');
INSERT INTO order_items (id, order_id, product_id, quantity, unit_price) VALUES ('885.0', '91.0', '64.0', '817.0', '55.34');
INSERT INTO order_items (id, order_id, product_id, quantity, unit_price) VALUES ('886.0', '263.0', '4.0', '467.0', '57.38');
INSERT INTO order_items (id, order_id, product_id, quantity, unit_price) VALUES ('887.0', '26.0', '27.0', '413.0', '75.91');
INSERT INTO order_items (id, order_id, product_id, quantity, unit_price) VALUES ('888.0', '197.0', '49.0', '364.0', '9.4');
INSERT INTO order_items (id, order_id, product_id, quantity, unit_price) VALUES ('889.0', '178.0', '15.0', '516.0', '37.43');
INSERT INTO order_items (id, order_id, product_id, quantity, unit_price) VALUES ('890.0', '6.0', '49.0', '82.0', '85.91');
INSERT INTO order_items (id, order_id, product_id, quantity, unit_price) VALUES ('891.0', '198.0', '96.0', '223.0', '2.21');
INSERT INTO order_items (id, order_id, product_id, quantity, unit_price) VALUES ('892.0', '142.0', '60.0', '763.0', '68.26');
INSERT INTO order_items (id, order_id, product_id, quantity, unit_price) VALUES ('893.0', '217.0', '60.0', '488.0', '31.2');
INSERT INTO order_items (id, order_id, product_id, quantity, unit_price) VALUES ('894.0', '68.0', '41.0', '325.0', '37.76');
INSERT INTO order_items (id, order_id, product_id, quantity, unit_price) VALUES ('895.0', '78.0', '74.0', '836.0', '24.78');
INSERT INTO order_items (id, order_id, product_id, quantity, unit_price) VALUES ('896.0', '195.0', '22.0', '483.0', '74.69');
INSERT INTO order_items (id, order_id, product_id, quantity, unit_price) VALUES ('897.0', '152.0', '20.0', '833.0', '35.62');
INSERT INTO order_items (id, order_id, product_id, quantity, unit_price) VALUES ('898.0', '47.0', '96.0', '129.0', '47.58');
INSERT INTO order_items (id, order_id, product_id, quantity, unit_price) VALUES ('899.0', '5.0', '16.0', '166.0', '71.64');
INSERT INTO order_items (id, order_id, product_id, quantity, unit_price) VALUES ('900.0', '98.0', '9.0', '542.0', '61.65');
INSERT INTO order_items (id, order_id, product_id, quantity, unit_price) VALUES ('901.0', '130.0', '4.0', '119.0', '92.4');
INSERT INTO order_items (id, order_id, product_id, quantity, unit_price) VALUES ('902.0', '194.0', '15.0', '577.0', '93.86');
INSERT INTO order_items (id, order_id, product_id, quantity, unit_price) VALUES ('903.0', '277.0', '48.0', '72.0', '52.79');
INSERT INTO order_items (id, order_id, product_id, quantity, unit_price) VALUES ('904.0', '252.0', '23.0', '92.0', '41.25');
INSERT INTO order_items (id, order_id, product_id, quantity, unit_price) VALUES ('905.0', '72.0', '42.0', '822.0', '95.67');
INSERT INTO order_items (id, order_id, product_id, quantity, unit_price) VALUES ('906.0', '201.0', '33.0', '846.0', '45.68');
INSERT INTO order_items (id, order_id, product_id, quantity, unit_price) VALUES ('907.0', '39.0', '7.0', '37.0', '34.78');
INSERT INTO order_items (id, order_id, product_id, quantity, unit_price) VALUES ('908.0', '173.0', '43.0', '427.0', '9.2');
INSERT INTO order_items (id, order_id, product_id, quantity, unit_price) VALUES ('909.0', '19.0', '82.0', '67.0', '21.8');
INSERT INTO order_items (id, order_id, product_id, quantity, unit_price) VALUES ('910.0', '181.0', '75.0', '478.0', '23.19');
INSERT INTO order_items (id, order_id, product_id, quantity, unit_price) VALUES ('911.0', '83.0', '2.0', '283.0', '24.31');
INSERT INTO order_items (id, order_id, product_id, quantity, unit_price) VALUES ('912.0', '252.0', '58.0', '137.0', '64.32');
INSERT INTO order_items (id, order_id, product_id, quantity, unit_price) VALUES ('913.0', '80.0', '85.0', '736.0', '22.17');
INSERT INTO order_items (id, order_id, product_id, quantity, unit_price) VALUES ('914.0', '71.0', '40.0', '807.0', '25.11');
INSERT INTO order_items (id, order_id, product_id, quantity, unit_price) VALUES ('915.0', '222.0', '69.0', '371.0', '93.64');
INSERT INTO order_items (id, order_id, product_id, quantity, unit_price) VALUES ('916.0', '191.0', '52.0', '829.0', '6.93');
INSERT INTO order_items (id, order_id, product_id, quantity, unit_price) VALUES ('917.0', '32.0', '47.0', '435.0', '85.45');
INSERT INTO order_items (id, order_id, product_id, quantity, unit_price) VALUES ('918.0', '58.0', '69.0', '94.0', '26.2');
INSERT INTO order_items (id, order_id, product_id, quantity, unit_price) VALUES ('919.0', '255.0', '25.0', '232.0', '49.33');
INSERT INTO order_items (id, order_id, product_id, quantity, unit_price) VALUES ('920.0', '114.0', '17.0', '581.0', '19.76');
INSERT INTO order_items (id, order_id, product_id, quantity, unit_price) VALUES ('921.0', '85.0', '74.0', '825.0', '13.26');
INSERT INTO order_items (id, order_id, product_id, quantity, unit_price) VALUES ('922.0', '101.0', '6.0', '25.0', '79.6');
INSERT INTO order_items (id, order_id, product_id, quantity, unit_price) VALUES ('923.0', '55.0', '76.0', '938.0', '39.01');
INSERT INTO order_items (id, order_id, product_id, quantity, unit_price) VALUES ('924.0', '161.0', '48.0', '944.0', '40.46');
INSERT INTO order_items (id, order_id, product_id, quantity, unit_price) VALUES ('925.0', '141.0', '7.0', '742.0', '88.43');
INSERT INTO order_items (id, order_id, product_id, quantity, unit_price) VALUES ('926.0', '59.0', '81.0', '15.0', '95.95');
INSERT INTO order_items (id, order_id, product_id, quantity, unit_price) VALUES ('927.0', '95.0', '36.0', '448.0', '43.19');
INSERT INTO order_items (id, order_id, product_id, quantity, unit_price) VALUES ('928.0', '194.0', '55.0', '535.0', '33.08');
INSERT INTO order_items (id, order_id, product_id, quantity, unit_price) VALUES ('929.0', '233.0', '40.0', '939.0', '58.55');
INSERT INTO order_items (id, order_id, product_id, quantity, unit_price) VALUES ('930.0', '226.0', '52.0', '281.0', '76.37');
INSERT INTO order_items (id, order_id, product_id, quantity, unit_price) VALUES ('931.0', '275.0', '94.0', '38.0', '36.77');
INSERT INTO order_items (id, order_id, product_id, quantity, unit_price) VALUES ('932.0', '258.0', '51.0', '382.0', '13.72');
INSERT INTO order_items (id, order_id, product_id, quantity, unit_price) VALUES ('933.0', '252.0', '87.0', '867.0', '74.84');
INSERT INTO order_items (id, order_id, product_id, quantity, unit_price) VALUES ('934.0', '261.0', '80.0', '782.0', '37.01');
INSERT INTO order_items (id, order_id, product_id, quantity, unit_price) VALUES ('935.0', '205.0', '39.0', '126.0', '19.06');
INSERT INTO order_items (id, order_id, product_id, quantity, unit_price) VALUES ('936.0', '227.0', '98.0', '561.0', '96.41');
INSERT INTO order_items (id, order_id, product_id, quantity, unit_price) VALUES ('937.0', '218.0', '61.0', '671.0', '21.38');
INSERT INTO order_items (id, order_id, product_id, quantity, unit_price) VALUES ('938.0', '176.0', '31.0', '764.0', '80.8');
INSERT INTO order_items (id, order_id, product_id, quantity, unit_price) VALUES ('939.0', '257.0', '70.0', '120.0', '22.79');
INSERT INTO order_items (id, order_id, product_id, quantity, unit_price) VALUES ('940.0', '98.0', '50.0', '550.0', '91.24');
INSERT INTO order_items (id, order_id, product_id, quantity, unit_price) VALUES ('941.0', '82.0', '86.0', '251.0', '52.74');
INSERT INTO order_items (id, order_id, product_id, quantity, unit_price) VALUES ('942.0', '46.0', '38.0', '423.0', '36.15');
INSERT INTO order_items (id, order_id, product_id, quantity, unit_price) VALUES ('943.0', '183.0', '91.0', '431.0', '14.57');
INSERT INTO order_items (id, order_id, product_id, quantity, unit_price) VALUES ('944.0', '6.0', '46.0', '641.0', '71.39');
INSERT INTO order_items (id, order_id, product_id, quantity, unit_price) VALUES ('945.0', '168.0', '50.0', '693.0', '88.83');
INSERT INTO order_items (id, order_id, product_id, quantity, unit_price) VALUES ('946.0', '287.0', '49.0', '15.0', '63.03');
INSERT INTO order_items (id, order_id, product_id, quantity, unit_price) VALUES ('947.0', '92.0', '92.0', '557.0', '58.07');
INSERT INTO order_items (id, order_id, product_id, quantity, unit_price) VALUES ('948.0', '122.0', '71.0', '133.0', '20.76');
INSERT INTO order_items (id, order_id, product_id, quantity, unit_price) VALUES ('949.0', '103.0', '24.0', '612.0', '87.24');
INSERT INTO order_items (id, order_id, product_id, quantity, unit_price) VALUES ('950.0', '81.0', '56.0', '182.0', '88.27');
INSERT INTO order_items (id, order_id, product_id, quantity, unit_price) VALUES ('951.0', '180.0', '97.0', '390.0', '33.95');
INSERT INTO order_items (id, order_id, product_id, quantity, unit_price) VALUES ('952.0', '289.0', '87.0', '24.0', '61.01');
INSERT INTO order_items (id, order_id, product_id, quantity, unit_price) VALUES ('953.0', '120.0', '92.0', '946.0', '26.11');
INSERT INTO order_items (id, order_id, product_id, quantity, unit_price) VALUES ('954.0', '38.0', '74.0', '494.0', '47.82');
INSERT INTO order_items (id, order_id, product_id, quantity, unit_price) VALUES ('955.0', '261.0', '20.0', '851.0', '86.52');
INSERT INTO order_items (id, order_id, product_id, quantity, unit_price) VALUES ('956.0', '201.0', '89.0', '554.0', '42.9');
INSERT INTO order_items (id, order_id, product_id, quantity, unit_price) VALUES ('957.0', '217.0', '78.0', '421.0', '80.52');
INSERT INTO order_items (id, order_id, product_id, quantity, unit_price) VALUES ('958.0', '185.0', '74.0', '464.0', '26.25');
INSERT INTO order_items (id, order_id, product_id, quantity, unit_price) VALUES ('959.0', '109.0', '94.0', '726.0', '85.84');
INSERT INTO order_items (id, order_id, product_id, quantity, unit_price) VALUES ('960.0', '243.0', '54.0', '727.0', '94.18');
INSERT INTO order_items (id, order_id, product_id, quantity, unit_price) VALUES ('961.0', '245.0', '55.0', '764.0', '36.41');
INSERT INTO order_items (id, order_id, product_id, quantity, unit_price) VALUES ('962.0', '214.0', '94.0', '168.0', '73.42');
INSERT INTO order_items (id, order_id, product_id, quantity, unit_price) VALUES ('963.0', '204.0', '86.0', '731.0', '78.97');
INSERT INTO order_items (id, order_id, product_id, quantity, unit_price) VALUES ('964.0', '97.0', '100.0', '107.0', '34.42');
INSERT INTO order_items (id, order_id, product_id, quantity, unit_price) VALUES ('965.0', '155.0', '97.0', '692.0', '63.47');
INSERT INTO order_items (id, order_id, product_id, quantity, unit_price) VALUES ('966.0', '206.0', '33.0', '220.0', '12.85');
INSERT INTO order_items (id, order_id, product_id, quantity, unit_price) VALUES ('967.0', '122.0', '6.0', '685.0', '86.91');
INSERT INTO order_items (id, order_id, product_id, quantity, unit_price) VALUES ('968.0', '165.0', '37.0', '447.0', '14.54');
INSERT INTO order_items (id, order_id, product_id, quantity, unit_price) VALUES ('969.0', '119.0', '71.0', '707.0', '97.93');
INSERT INTO order_items (id, order_id, product_id, quantity, unit_price) VALUES ('970.0', '110.0', '31.0', '657.0', '9.86');
INSERT INTO order_items (id, order_id, product_id, quantity, unit_price) VALUES ('971.0', '15.0', '68.0', '966.0', '33.59');
INSERT INTO order_items (id, order_id, product_id, quantity, unit_price) VALUES ('972.0', '102.0', '57.0', '444.0', '37.16');
INSERT INTO order_items (id, order_id, product_id, quantity, unit_price) VALUES ('973.0', '73.0', '11.0', '532.0', '44.65');
INSERT INTO order_items (id, order_id, product_id, quantity, unit_price) VALUES ('974.0', '205.0', '22.0', '576.0', '69.62');
INSERT INTO order_items (id, order_id, product_id, quantity, unit_price) VALUES ('975.0', '236.0', '4.0', '338.0', '57.64');
INSERT INTO order_items (id, order_id, product_id, quantity, unit_price) VALUES ('976.0', '197.0', '69.0', '283.0', '74.37');
INSERT INTO order_items (id, order_id, product_id, quantity, unit_price) VALUES ('977.0', '299.0', '20.0', '451.0', '52.53');
INSERT INTO order_items (id, order_id, product_id, quantity, unit_price) VALUES ('978.0', '296.0', '53.0', '91.0', '19.49');
INSERT INTO order_items (id, order_id, product_id, quantity, unit_price) VALUES ('979.0', '148.0', '7.0', '377.0', '30.17');
INSERT INTO order_items (id, order_id, product_id, quantity, unit_price) VALUES ('980.0', '1.0', '29.0', '516.0', '32.93');
INSERT INTO order_items (id, order_id, product_id, quantity, unit_price) VALUES ('981.0', '14.0', '73.0', '20.0', '53.98');
INSERT INTO order_items (id, order_id, product_id, quantity, unit_price) VALUES ('982.0', '40.0', '85.0', '485.0', '26.67');
INSERT INTO order_items (id, order_id, product_id, quantity, unit_price) VALUES ('983.0', '160.0', '88.0', '873.0', '87.93');
INSERT INTO order_items (id, order_id, product_id, quantity, unit_price) VALUES ('984.0', '251.0', '22.0', '715.0', '16.55');
INSERT INTO order_items (id, order_id, product_id, quantity, unit_price) VALUES ('985.0', '79.0', '82.0', '447.0', '33.59');
INSERT INTO order_items (id, order_id, product_id, quantity, unit_price) VALUES ('986.0', '297.0', '32.0', '171.0', '41.48');
INSERT INTO order_items (id, order_id, product_id, quantity, unit_price) VALUES ('987.0', '83.0', '81.0', '101.0', '31.06');
INSERT INTO order_items (id, order_id, product_id, quantity, unit_price) VALUES ('988.0', '154.0', '71.0', '94.0', '41.27');
INSERT INTO order_items (id, order_id, product_id, quantity, unit_price) VALUES ('989.0', '53.0', '29.0', '878.0', '87.6');
INSERT INTO order_items (id, order_id, product_id, quantity, unit_price) VALUES ('990.0', '205.0', '30.0', '94.0', '60.62');
INSERT INTO order_items (id, order_id, product_id, quantity, unit_price) VALUES ('991.0', '281.0', '16.0', '757.0', '76.53');
INSERT INTO order_items (id, order_id, product_id, quantity, unit_price) VALUES ('992.0', '44.0', '61.0', '324.0', '79.27');
INSERT INTO order_items (id, order_id, product_id, quantity, unit_price) VALUES ('993.0', '276.0', '29.0', '850.0', '37.4');
INSERT INTO order_items (id, order_id, product_id, quantity, unit_price) VALUES ('994.0', '75.0', '99.0', '254.0', '39.9');
INSERT INTO order_items (id, order_id, product_id, quantity, unit_price) VALUES ('995.0', '229.0', '82.0', '296.0', '86.45');
INSERT INTO order_items (id, order_id, product_id, quantity, unit_price) VALUES ('996.0', '2.0', '72.0', '770.0', '74.92');
INSERT INTO order_items (id, order_id, product_id, quantity, unit_price) VALUES ('997.0', '117.0', '39.0', '960.0', '81.44');
INSERT INTO order_items (id, order_id, product_id, quantity, unit_price) VALUES ('998.0', '221.0', '10.0', '43.0', '56.83');
INSERT INTO order_items (id, order_id, product_id, quantity, unit_price) VALUES ('999.0', '272.0', '12.0', '738.0', '1.83');
INSERT INTO order_items (id, order_id, product_id, quantity, unit_price) VALUES ('1000.0', '243.0', '32.0', '421.0', '3.9');


-- Table: warehouses
CREATE TABLE warehouses (id TEXT, name TEXT, city TEXT, capacity TEXT);
INSERT INTO warehouses (id, name, city, capacity) VALUES ('1', 'own', 'West Melissa', '647');
INSERT INTO warehouses (id, name, city, capacity) VALUES ('2', 'to', 'West Miranda', '725');
INSERT INTO warehouses (id, name, city, capacity) VALUES ('3', 'billion', 'Port Leahfurt', '819');
INSERT INTO warehouses (id, name, city, capacity) VALUES ('4', 'human', 'East Kristina', '809');
INSERT INTO warehouses (id, name, city, capacity) VALUES ('5', 'sign', 'New Brian', '570');
INSERT INTO warehouses (id, name, city, capacity) VALUES ('6', 'deep', 'Ashleefort', '398');
INSERT INTO warehouses (id, name, city, capacity) VALUES ('7', 'seek', 'West Michael', '795');
INSERT INTO warehouses (id, name, city, capacity) VALUES ('8', 'we', 'New Karenhaven', '914');
INSERT INTO warehouses (id, name, city, capacity) VALUES ('9', 'bar', 'North Andrew', '175');
INSERT INTO warehouses (id, name, city, capacity) VALUES ('10', 'crime', 'Justinville', '493');


-- Table: shipments
CREATE TABLE shipments (id TEXT, order_id TEXT, warehouse_id TEXT, shipped_at TEXT, delivered_at TEXT, status TEXT);
INSERT INTO shipments (id, order_id, warehouse_id, shipped_at, delivered_at, status) VALUES ('1', '206', '10', '2025-05-14 15:04:26', '2025-06-29 20:51:53', 'vote');
INSERT INTO shipments (id, order_id, warehouse_id, shipped_at, delivered_at, status) VALUES ('2', '42', '8', '2025-04-11 15:36:45', '2024-12-13 07:36:21', 'read');
INSERT INTO shipments (id, order_id, warehouse_id, shipped_at, delivered_at, status) VALUES ('3', '135', '7', '2025-04-30 11:31:18', '2024-11-09 06:56:51', 'floor');
INSERT INTO shipments (id, order_id, warehouse_id, shipped_at, delivered_at, status) VALUES ('4', '17', '5', '2024-12-04 23:51:10', '2025-03-13 08:53:20', 'reality');
INSERT INTO shipments (id, order_id, warehouse_id, shipped_at, delivered_at, status) VALUES ('5', '25', '1', '2024-11-26 06:18:44', '2024-10-22 15:32:25', 'visit');
INSERT INTO shipments (id, order_id, warehouse_id, shipped_at, delivered_at, status) VALUES ('6', '36', '7', '2024-11-19 07:12:50', '2025-06-10 00:34:54', 'financial');
INSERT INTO shipments (id, order_id, warehouse_id, shipped_at, delivered_at, status) VALUES ('7', '129', '5', '2024-12-12 08:48:26', '2025-04-28 05:12:52', 'black');
INSERT INTO shipments (id, order_id, warehouse_id, shipped_at, delivered_at, status) VALUES ('8', '104', '2', '2025-03-05 21:57:52', '2024-10-14 02:12:52', 'simple');
INSERT INTO shipments (id, order_id, warehouse_id, shipped_at, delivered_at, status) VALUES ('9', '48', '4', '2024-11-08 19:32:29', '2024-09-09 17:40:37', 'finally');
INSERT INTO shipments (id, order_id, warehouse_id, shipped_at, delivered_at, status) VALUES ('10', '191', '3', '2025-02-19 23:13:51', '2024-10-14 23:13:26', 'more');
INSERT INTO shipments (id, order_id, warehouse_id, shipped_at, delivered_at, status) VALUES ('11', '242', '1', '2025-04-11 21:24:43', '2024-07-16 01:03:05', 'like');
INSERT INTO shipments (id, order_id, warehouse_id, shipped_at, delivered_at, status) VALUES ('12', '71', '8', '2025-07-01 03:56:50', '2025-04-05 08:44:02', 'leg');
INSERT INTO shipments (id, order_id, warehouse_id, shipped_at, delivered_at, status) VALUES ('13', '97', '2', '2025-05-14 15:36:23', '2025-03-03 18:48:17', 'only');
INSERT INTO shipments (id, order_id, warehouse_id, shipped_at, delivered_at, status) VALUES ('14', '44', '4', '2025-06-20 16:33:51', '2024-08-15 17:29:30', 'picture');
INSERT INTO shipments (id, order_id, warehouse_id, shipped_at, delivered_at, status) VALUES ('15', '88', '10', '2024-08-22 07:54:43', '2024-08-21 01:56:43', 'course');
INSERT INTO shipments (id, order_id, warehouse_id, shipped_at, delivered_at, status) VALUES ('16', '55', '8', '2024-12-19 06:49:17', '2025-01-14 21:28:35', 'television');
INSERT INTO shipments (id, order_id, warehouse_id, shipped_at, delivered_at, status) VALUES ('17', '252', '8', '2024-12-07 01:35:25', '2025-05-31 01:39:05', 'account');
INSERT INTO shipments (id, order_id, warehouse_id, shipped_at, delivered_at, status) VALUES ('18', '72', '4', '2025-06-19 08:47:59', '2025-04-09 03:23:15', 'answer');
INSERT INTO shipments (id, order_id, warehouse_id, shipped_at, delivered_at, status) VALUES ('19', '32', '8', '2025-01-05 20:20:28', '2024-10-07 07:28:22', 'region');
INSERT INTO shipments (id, order_id, warehouse_id, shipped_at, delivered_at, status) VALUES ('20', '258', '8', '2025-07-01 01:33:10', '2024-11-04 15:37:58', 'movement');
INSERT INTO shipments (id, order_id, warehouse_id, shipped_at, delivered_at, status) VALUES ('21', '188', '9', '2024-12-21 14:54:54', '2024-11-28 08:00:17', 'civil');
INSERT INTO shipments (id, order_id, warehouse_id, shipped_at, delivered_at, status) VALUES ('22', '231', '9', '2024-10-31 16:48:04', '2025-02-20 09:04:46', 'argue');
INSERT INTO shipments (id, order_id, warehouse_id, shipped_at, delivered_at, status) VALUES ('23', '66', '5', '2024-09-04 10:40:58', '2024-09-30 12:35:44', 'whether');
INSERT INTO shipments (id, order_id, warehouse_id, shipped_at, delivered_at, status) VALUES ('24', '105', '10', '2025-01-08 14:35:54', '2024-07-27 19:58:00', 'past');
INSERT INTO shipments (id, order_id, warehouse_id, shipped_at, delivered_at, status) VALUES ('25', '67', '9', '2024-12-24 11:54:45', '2025-01-14 10:15:40', 'continue');
INSERT INTO shipments (id, order_id, warehouse_id, shipped_at, delivered_at, status) VALUES ('26', '59', '10', '2024-08-08 10:38:47', '2025-02-16 19:57:44', 'professor');
INSERT INTO shipments (id, order_id, warehouse_id, shipped_at, delivered_at, status) VALUES ('27', '10', '3', '2025-01-16 08:58:09', '2024-09-11 17:40:32', 'away');
INSERT INTO shipments (id, order_id, warehouse_id, shipped_at, delivered_at, status) VALUES ('28', '211', '8', '2025-01-20 00:20:53', '2024-07-23 08:48:31', 'on');
INSERT INTO shipments (id, order_id, warehouse_id, shipped_at, delivered_at, status) VALUES ('29', '102', '2', '2024-07-20 16:31:04', '2025-01-08 02:20:20', 'culture');
INSERT INTO shipments (id, order_id, warehouse_id, shipped_at, delivered_at, status) VALUES ('30', '162', '3', '2025-02-07 10:14:15', '2024-10-06 06:58:37', 'risk');
INSERT INTO shipments (id, order_id, warehouse_id, shipped_at, delivered_at, status) VALUES ('31', '293', '10', '2024-08-07 17:22:40', '2024-07-05 21:06:36', 'blood');
INSERT INTO shipments (id, order_id, warehouse_id, shipped_at, delivered_at, status) VALUES ('32', '168', '1', '2025-01-23 18:05:26', '2025-03-11 02:06:02', 'even');
INSERT INTO shipments (id, order_id, warehouse_id, shipped_at, delivered_at, status) VALUES ('33', '285', '8', '2025-05-12 14:55:35', '2024-09-18 12:01:43', 'three');
INSERT INTO shipments (id, order_id, warehouse_id, shipped_at, delivered_at, status) VALUES ('34', '220', '1', '2025-05-20 22:46:58', '2024-10-19 06:18:55', 'think');
INSERT INTO shipments (id, order_id, warehouse_id, shipped_at, delivered_at, status) VALUES ('35', '203', '8', '2024-08-29 18:05:06', '2025-05-09 12:55:22', 'buy');
INSERT INTO shipments (id, order_id, warehouse_id, shipped_at, delivered_at, status) VALUES ('36', '245', '8', '2025-04-01 13:24:04', '2025-02-18 18:49:04', 'second');
INSERT INTO shipments (id, order_id, warehouse_id, shipped_at, delivered_at, status) VALUES ('37', '237', '7', '2024-12-12 07:57:03', '2025-05-08 08:42:31', 'fish');
INSERT INTO shipments (id, order_id, warehouse_id, shipped_at, delivered_at, status) VALUES ('38', '258', '3', '2025-05-03 06:20:05', '2024-09-06 09:50:32', 'long');
INSERT INTO shipments (id, order_id, warehouse_id, shipped_at, delivered_at, status) VALUES ('39', '297', '3', '2025-06-27 05:20:24', '2025-02-21 22:01:04', 'manage');
INSERT INTO shipments (id, order_id, warehouse_id, shipped_at, delivered_at, status) VALUES ('40', '64', '5', '2024-08-07 10:39:42', '2024-12-20 11:05:58', 'able');
INSERT INTO shipments (id, order_id, warehouse_id, shipped_at, delivered_at, status) VALUES ('41', '45', '5', '2025-03-20 06:30:29', '2024-12-30 06:34:45', 'thing');
INSERT INTO shipments (id, order_id, warehouse_id, shipped_at, delivered_at, status) VALUES ('42', '240', '1', '2024-12-27 20:52:41', '2025-03-29 19:03:24', 'dark');
INSERT INTO shipments (id, order_id, warehouse_id, shipped_at, delivered_at, status) VALUES ('43', '104', '9', '2024-07-17 07:14:26', '2024-07-31 00:09:39', 'interest');
INSERT INTO shipments (id, order_id, warehouse_id, shipped_at, delivered_at, status) VALUES ('44', '108', '6', '2024-07-28 06:02:41', '2024-10-23 18:34:38', 'quality');
INSERT INTO shipments (id, order_id, warehouse_id, shipped_at, delivered_at, status) VALUES ('45', '102', '10', '2024-11-26 11:56:56', '2024-10-06 16:15:01', 'yeah');
INSERT INTO shipments (id, order_id, warehouse_id, shipped_at, delivered_at, status) VALUES ('46', '184', '5', '2024-07-28 17:57:51', '2025-06-27 23:19:00', 'standard');
INSERT INTO shipments (id, order_id, warehouse_id, shipped_at, delivered_at, status) VALUES ('47', '248', '5', '2024-08-05 15:49:53', '2025-02-12 06:08:10', 'maybe');
INSERT INTO shipments (id, order_id, warehouse_id, shipped_at, delivered_at, status) VALUES ('48', '280', '10', '2024-12-28 00:02:22', '2024-08-08 00:55:03', 'entire');
INSERT INTO shipments (id, order_id, warehouse_id, shipped_at, delivered_at, status) VALUES ('49', '54', '3', '2025-06-01 11:57:53', '2024-09-24 16:18:03', 'consider');
INSERT INTO shipments (id, order_id, warehouse_id, shipped_at, delivered_at, status) VALUES ('50', '246', '3', '2025-04-13 03:47:45', '2024-07-06 14:58:09', 'later');
INSERT INTO shipments (id, order_id, warehouse_id, shipped_at, delivered_at, status) VALUES ('51', '230', '3', '2024-11-12 11:26:03', '2025-02-14 20:03:20', 'idea');
INSERT INTO shipments (id, order_id, warehouse_id, shipped_at, delivered_at, status) VALUES ('52', '92', '8', '2024-07-07 06:17:24', '2024-07-14 04:46:12', 'enter');
INSERT INTO shipments (id, order_id, warehouse_id, shipped_at, delivered_at, status) VALUES ('53', '276', '8', '2024-08-11 08:50:26', '2025-05-28 17:12:00', 'better');
INSERT INTO shipments (id, order_id, warehouse_id, shipped_at, delivered_at, status) VALUES ('54', '280', '7', '2024-12-31 17:04:32', '2025-03-28 14:15:14', 'paper');
INSERT INTO shipments (id, order_id, warehouse_id, shipped_at, delivered_at, status) VALUES ('55', '253', '4', '2025-06-15 09:32:52', '2024-12-07 05:49:26', 'show');
INSERT INTO shipments (id, order_id, warehouse_id, shipped_at, delivered_at, status) VALUES ('56', '281', '1', '2025-06-18 16:46:05', '2024-12-20 07:01:28', 'reach');
INSERT INTO shipments (id, order_id, warehouse_id, shipped_at, delivered_at, status) VALUES ('57', '288', '5', '2024-10-09 13:28:10', '2024-11-06 03:04:13', 'animal');
INSERT INTO shipments (id, order_id, warehouse_id, shipped_at, delivered_at, status) VALUES ('58', '280', '7', '2025-03-07 06:13:01', '2024-09-27 02:29:48', 'they');
INSERT INTO shipments (id, order_id, warehouse_id, shipped_at, delivered_at, status) VALUES ('59', '126', '10', '2025-04-29 19:32:06', '2024-12-05 03:42:59', 'maybe');
INSERT INTO shipments (id, order_id, warehouse_id, shipped_at, delivered_at, status) VALUES ('60', '60', '10', '2024-07-17 02:51:50', '2025-02-11 00:04:41', 'more');
INSERT INTO shipments (id, order_id, warehouse_id, shipped_at, delivered_at, status) VALUES ('61', '30', '1', '2024-11-01 04:29:51', '2024-12-04 13:53:21', 'require');
INSERT INTO shipments (id, order_id, warehouse_id, shipped_at, delivered_at, status) VALUES ('62', '80', '2', '2025-02-19 20:12:32', '2024-07-19 13:21:40', 'who');
INSERT INTO shipments (id, order_id, warehouse_id, shipped_at, delivered_at, status) VALUES ('63', '149', '10', '2025-06-05 19:49:31', '2025-05-12 05:21:08', 'area');
INSERT INTO shipments (id, order_id, warehouse_id, shipped_at, delivered_at, status) VALUES ('64', '105', '2', '2025-05-09 19:03:46', '2024-07-28 07:59:02', 'knowledge');
INSERT INTO shipments (id, order_id, warehouse_id, shipped_at, delivered_at, status) VALUES ('65', '297', '7', '2024-11-10 23:02:40', '2024-09-16 00:08:05', 'like');
INSERT INTO shipments (id, order_id, warehouse_id, shipped_at, delivered_at, status) VALUES ('66', '155', '6', '2024-11-25 14:31:52', '2024-08-30 07:47:58', 'join');
INSERT INTO shipments (id, order_id, warehouse_id, shipped_at, delivered_at, status) VALUES ('67', '112', '2', '2025-03-26 01:07:43', '2024-09-19 22:52:17', 'environmental');
INSERT INTO shipments (id, order_id, warehouse_id, shipped_at, delivered_at, status) VALUES ('68', '65', '3', '2024-08-10 05:23:59', '2024-12-12 18:06:14', 'cost');
INSERT INTO shipments (id, order_id, warehouse_id, shipped_at, delivered_at, status) VALUES ('69', '58', '3', '2024-10-25 20:42:19', '2025-06-25 05:19:06', 'front');
INSERT INTO shipments (id, order_id, warehouse_id, shipped_at, delivered_at, status) VALUES ('70', '206', '1', '2024-12-23 13:55:16', '2025-06-09 18:43:18', 'site');
INSERT INTO shipments (id, order_id, warehouse_id, shipped_at, delivered_at, status) VALUES ('71', '125', '7', '2025-06-19 10:46:46', '2025-03-08 15:55:24', 'song');
INSERT INTO shipments (id, order_id, warehouse_id, shipped_at, delivered_at, status) VALUES ('72', '204', '3', '2024-11-14 20:09:22', '2024-12-25 01:19:48', 'financial');
INSERT INTO shipments (id, order_id, warehouse_id, shipped_at, delivered_at, status) VALUES ('73', '194', '2', '2024-09-11 08:28:54', '2025-04-15 02:50:00', 'possible');
INSERT INTO shipments (id, order_id, warehouse_id, shipped_at, delivered_at, status) VALUES ('74', '208', '8', '2024-08-03 22:00:27', '2024-08-08 21:40:42', 'people');
INSERT INTO shipments (id, order_id, warehouse_id, shipped_at, delivered_at, status) VALUES ('75', '267', '2', '2025-06-03 03:48:47', '2024-12-06 17:46:44', 'eat');
INSERT INTO shipments (id, order_id, warehouse_id, shipped_at, delivered_at, status) VALUES ('76', '137', '7', '2024-11-14 19:31:25', '2025-04-17 16:27:04', 'church');
INSERT INTO shipments (id, order_id, warehouse_id, shipped_at, delivered_at, status) VALUES ('77', '46', '4', '2024-11-10 11:21:20', '2025-03-07 02:46:12', 'outside');
INSERT INTO shipments (id, order_id, warehouse_id, shipped_at, delivered_at, status) VALUES ('78', '178', '5', '2025-02-09 04:55:41', '2024-10-17 18:43:51', 'leave');
INSERT INTO shipments (id, order_id, warehouse_id, shipped_at, delivered_at, status) VALUES ('79', '209', '3', '2024-11-18 13:51:46', '2025-06-11 13:27:02', 'stand');
INSERT INTO shipments (id, order_id, warehouse_id, shipped_at, delivered_at, status) VALUES ('80', '196', '4', '2025-04-07 05:50:37', '2024-09-03 18:05:39', 'up');
INSERT INTO shipments (id, order_id, warehouse_id, shipped_at, delivered_at, status) VALUES ('81', '16', '3', '2025-01-22 22:18:21', '2024-09-13 21:20:01', 'price');
INSERT INTO shipments (id, order_id, warehouse_id, shipped_at, delivered_at, status) VALUES ('82', '216', '4', '2025-03-30 21:50:17', '2025-03-05 15:12:34', 'rise');
INSERT INTO shipments (id, order_id, warehouse_id, shipped_at, delivered_at, status) VALUES ('83', '111', '7', '2025-06-20 07:36:27', '2024-10-16 21:46:06', 'public');
INSERT INTO shipments (id, order_id, warehouse_id, shipped_at, delivered_at, status) VALUES ('84', '284', '7', '2025-03-07 02:17:50', '2024-11-21 12:27:47', 'new');
INSERT INTO shipments (id, order_id, warehouse_id, shipped_at, delivered_at, status) VALUES ('85', '276', '7', '2024-07-14 21:29:51', '2025-07-02 12:06:25', 'field');
INSERT INTO shipments (id, order_id, warehouse_id, shipped_at, delivered_at, status) VALUES ('86', '133', '1', '2025-04-16 04:02:37', '2025-05-02 10:05:01', 'worker');
INSERT INTO shipments (id, order_id, warehouse_id, shipped_at, delivered_at, status) VALUES ('87', '122', '8', '2024-08-31 15:11:32', '2024-07-23 01:47:15', 'town');
INSERT INTO shipments (id, order_id, warehouse_id, shipped_at, delivered_at, status) VALUES ('88', '154', '7', '2025-04-23 18:38:03', '2025-06-09 19:43:31', 'person');
INSERT INTO shipments (id, order_id, warehouse_id, shipped_at, delivered_at, status) VALUES ('89', '114', '2', '2024-12-18 04:13:53', '2025-01-25 01:43:09', 'level');
INSERT INTO shipments (id, order_id, warehouse_id, shipped_at, delivered_at, status) VALUES ('90', '13', '6', '2024-12-26 05:16:49', '2025-06-14 21:07:05', 'fast');
INSERT INTO shipments (id, order_id, warehouse_id, shipped_at, delivered_at, status) VALUES ('91', '51', '6', '2024-11-08 21:38:56', '2024-11-28 06:53:31', 'capital');
INSERT INTO shipments (id, order_id, warehouse_id, shipped_at, delivered_at, status) VALUES ('92', '123', '3', '2025-02-07 12:09:52', '2025-06-18 09:28:10', 'realize');
INSERT INTO shipments (id, order_id, warehouse_id, shipped_at, delivered_at, status) VALUES ('93', '187', '4', '2024-09-28 12:45:15', '2025-02-16 00:44:23', 'thing');
INSERT INTO shipments (id, order_id, warehouse_id, shipped_at, delivered_at, status) VALUES ('94', '194', '2', '2025-06-24 03:20:39', '2024-07-28 02:15:52', 'senior');
INSERT INTO shipments (id, order_id, warehouse_id, shipped_at, delivered_at, status) VALUES ('95', '121', '1', '2025-03-05 22:06:35', '2024-11-11 15:27:24', 'traditional');
INSERT INTO shipments (id, order_id, warehouse_id, shipped_at, delivered_at, status) VALUES ('96', '125', '5', '2024-12-27 14:55:30', '2025-03-24 20:33:55', 'not');
INSERT INTO shipments (id, order_id, warehouse_id, shipped_at, delivered_at, status) VALUES ('97', '154', '7', '2025-05-23 02:12:57', '2024-09-23 07:01:57', 'future');
INSERT INTO shipments (id, order_id, warehouse_id, shipped_at, delivered_at, status) VALUES ('98', '8', '9', '2025-02-23 02:27:32', '2025-01-12 05:49:19', 'expect');
INSERT INTO shipments (id, order_id, warehouse_id, shipped_at, delivered_at, status) VALUES ('99', '61', '5', '2025-06-03 14:59:15', '2024-10-06 20:19:20', 'option');
INSERT INTO shipments (id, order_id, warehouse_id, shipped_at, delivered_at, status) VALUES ('100', '23', '8', '2025-05-27 20:27:39', '2025-04-26 11:43:42', 'system');
INSERT INTO shipments (id, order_id, warehouse_id, shipped_at, delivered_at, status) VALUES ('101', '112', '3', '2024-08-07 06:28:43', '2024-10-18 00:42:07', 'speech');
INSERT INTO shipments (id, order_id, warehouse_id, shipped_at, delivered_at, status) VALUES ('102', '280', '2', '2025-02-08 12:38:11', '2025-05-16 15:38:21', 'exist');
INSERT INTO shipments (id, order_id, warehouse_id, shipped_at, delivered_at, status) VALUES ('103', '2', '10', '2025-03-29 20:28:07', '2024-08-10 00:34:17', 'keep');
INSERT INTO shipments (id, order_id, warehouse_id, shipped_at, delivered_at, status) VALUES ('104', '92', '8', '2024-08-03 11:18:33', '2024-10-01 15:24:10', 'hospital');
INSERT INTO shipments (id, order_id, warehouse_id, shipped_at, delivered_at, status) VALUES ('105', '152', '2', '2024-12-05 21:28:54', '2024-10-17 23:12:26', 'learn');
INSERT INTO shipments (id, order_id, warehouse_id, shipped_at, delivered_at, status) VALUES ('106', '101', '2', '2025-01-24 01:29:15', '2024-11-06 21:34:02', 'event');
INSERT INTO shipments (id, order_id, warehouse_id, shipped_at, delivered_at, status) VALUES ('107', '198', '4', '2024-08-03 05:14:18', '2025-03-01 10:09:54', 'operation');
INSERT INTO shipments (id, order_id, warehouse_id, shipped_at, delivered_at, status) VALUES ('108', '135', '10', '2024-07-16 22:19:36', '2024-12-18 09:30:23', 'skin');
INSERT INTO shipments (id, order_id, warehouse_id, shipped_at, delivered_at, status) VALUES ('109', '110', '10', '2025-06-18 13:31:25', '2025-05-26 09:52:21', 'account');
INSERT INTO shipments (id, order_id, warehouse_id, shipped_at, delivered_at, status) VALUES ('110', '201', '7', '2025-06-18 22:15:36', '2025-06-09 14:03:56', 'director');
INSERT INTO shipments (id, order_id, warehouse_id, shipped_at, delivered_at, status) VALUES ('111', '69', '3', '2024-10-22 20:56:16', '2024-11-27 20:02:54', 'serve');
INSERT INTO shipments (id, order_id, warehouse_id, shipped_at, delivered_at, status) VALUES ('112', '261', '7', '2025-06-24 23:55:42', '2025-02-28 16:39:53', 'law');
INSERT INTO shipments (id, order_id, warehouse_id, shipped_at, delivered_at, status) VALUES ('113', '161', '7', '2024-09-06 10:52:43', '2025-03-12 14:51:33', 'line');
INSERT INTO shipments (id, order_id, warehouse_id, shipped_at, delivered_at, status) VALUES ('114', '171', '1', '2025-05-02 01:07:25', '2024-09-21 10:32:51', 'attack');
INSERT INTO shipments (id, order_id, warehouse_id, shipped_at, delivered_at, status) VALUES ('115', '13', '3', '2025-01-24 02:42:24', '2024-09-02 13:29:33', 'job');
INSERT INTO shipments (id, order_id, warehouse_id, shipped_at, delivered_at, status) VALUES ('116', '81', '3', '2024-09-11 13:01:24', '2024-11-17 04:11:27', 'officer');
INSERT INTO shipments (id, order_id, warehouse_id, shipped_at, delivered_at, status) VALUES ('117', '300', '4', '2025-05-14 12:26:10', '2025-04-28 19:09:48', 'street');
INSERT INTO shipments (id, order_id, warehouse_id, shipped_at, delivered_at, status) VALUES ('118', '238', '4', '2024-08-30 21:32:51', '2025-04-27 15:47:46', 'lose');
INSERT INTO shipments (id, order_id, warehouse_id, shipped_at, delivered_at, status) VALUES ('119', '177', '6', '2024-08-23 18:28:57', '2024-12-10 11:47:41', 'land');
INSERT INTO shipments (id, order_id, warehouse_id, shipped_at, delivered_at, status) VALUES ('120', '65', '1', '2025-06-24 23:35:29', '2025-01-17 10:49:19', 'four');
INSERT INTO shipments (id, order_id, warehouse_id, shipped_at, delivered_at, status) VALUES ('121', '7', '2', '2025-04-06 05:13:51', '2025-01-07 13:03:30', 'different');
INSERT INTO shipments (id, order_id, warehouse_id, shipped_at, delivered_at, status) VALUES ('122', '223', '10', '2024-12-16 13:34:12', '2025-01-24 05:44:49', 'throughout');
INSERT INTO shipments (id, order_id, warehouse_id, shipped_at, delivered_at, status) VALUES ('123', '266', '2', '2025-05-10 04:49:40', '2025-02-28 22:42:11', 'degree');
INSERT INTO shipments (id, order_id, warehouse_id, shipped_at, delivered_at, status) VALUES ('124', '299', '8', '2024-10-30 22:48:41', '2024-09-30 15:28:02', 'small');
INSERT INTO shipments (id, order_id, warehouse_id, shipped_at, delivered_at, status) VALUES ('125', '257', '1', '2025-05-28 20:35:15', '2024-07-16 23:33:47', 'create');
INSERT INTO shipments (id, order_id, warehouse_id, shipped_at, delivered_at, status) VALUES ('126', '107', '7', '2024-09-29 05:19:50', '2024-09-12 19:51:12', 'show');
INSERT INTO shipments (id, order_id, warehouse_id, shipped_at, delivered_at, status) VALUES ('127', '284', '5', '2024-08-03 18:46:39', '2024-07-22 00:37:10', 'site');
INSERT INTO shipments (id, order_id, warehouse_id, shipped_at, delivered_at, status) VALUES ('128', '177', '9', '2025-02-09 00:54:56', '2024-12-15 13:21:43', 'international');
INSERT INTO shipments (id, order_id, warehouse_id, shipped_at, delivered_at, status) VALUES ('129', '58', '5', '2025-05-16 12:06:48', '2024-11-29 00:36:52', 'role');
INSERT INTO shipments (id, order_id, warehouse_id, shipped_at, delivered_at, status) VALUES ('130', '134', '10', '2024-12-11 06:11:06', '2024-10-18 11:05:38', 'produce');
INSERT INTO shipments (id, order_id, warehouse_id, shipped_at, delivered_at, status) VALUES ('131', '217', '1', '2024-11-28 15:13:11', '2024-09-19 17:44:23', 'human');
INSERT INTO shipments (id, order_id, warehouse_id, shipped_at, delivered_at, status) VALUES ('132', '234', '7', '2025-03-15 22:30:28', '2025-02-11 05:59:12', 'ability');
INSERT INTO shipments (id, order_id, warehouse_id, shipped_at, delivered_at, status) VALUES ('133', '230', '7', '2025-06-21 01:23:59', '2025-04-19 04:55:44', 'any');
INSERT INTO shipments (id, order_id, warehouse_id, shipped_at, delivered_at, status) VALUES ('134', '285', '3', '2024-08-29 10:49:06', '2025-05-08 20:37:55', 'special');
INSERT INTO shipments (id, order_id, warehouse_id, shipped_at, delivered_at, status) VALUES ('135', '112', '5', '2024-11-27 10:03:14', '2025-03-11 02:06:07', 'those');
INSERT INTO shipments (id, order_id, warehouse_id, shipped_at, delivered_at, status) VALUES ('136', '83', '8', '2025-02-01 09:45:44', '2024-11-29 16:34:45', 'less');
INSERT INTO shipments (id, order_id, warehouse_id, shipped_at, delivered_at, status) VALUES ('137', '15', '4', '2025-06-18 09:58:20', '2025-05-22 19:58:36', 'of');
INSERT INTO shipments (id, order_id, warehouse_id, shipped_at, delivered_at, status) VALUES ('138', '140', '1', '2024-07-24 11:00:28', '2024-09-27 14:02:21', 'radio');
INSERT INTO shipments (id, order_id, warehouse_id, shipped_at, delivered_at, status) VALUES ('139', '291', '9', '2025-01-22 00:47:11', '2024-10-02 05:57:56', 'accept');
INSERT INTO shipments (id, order_id, warehouse_id, shipped_at, delivered_at, status) VALUES ('140', '48', '5', '2025-05-01 17:45:09', '2025-06-03 03:13:50', 'expect');
INSERT INTO shipments (id, order_id, warehouse_id, shipped_at, delivered_at, status) VALUES ('141', '64', '2', '2024-09-25 17:34:19', '2025-03-18 03:39:54', 'color');
INSERT INTO shipments (id, order_id, warehouse_id, shipped_at, delivered_at, status) VALUES ('142', '216', '9', '2024-12-30 15:34:02', '2025-06-23 09:34:17', 'high');
INSERT INTO shipments (id, order_id, warehouse_id, shipped_at, delivered_at, status) VALUES ('143', '63', '6', '2024-08-06 19:55:21', '2025-05-21 09:33:07', 'beat');
INSERT INTO shipments (id, order_id, warehouse_id, shipped_at, delivered_at, status) VALUES ('144', '229', '2', '2025-05-26 12:29:09', '2025-04-13 01:03:24', 'imagine');
INSERT INTO shipments (id, order_id, warehouse_id, shipped_at, delivered_at, status) VALUES ('145', '161', '1', '2025-05-11 11:19:36', '2025-04-16 11:14:49', 'free');
INSERT INTO shipments (id, order_id, warehouse_id, shipped_at, delivered_at, status) VALUES ('146', '237', '10', '2024-10-31 20:55:04', '2024-09-19 03:54:19', 'whatever');
INSERT INTO shipments (id, order_id, warehouse_id, shipped_at, delivered_at, status) VALUES ('147', '25', '1', '2024-12-11 08:31:06', '2024-10-10 17:14:01', 'into');
INSERT INTO shipments (id, order_id, warehouse_id, shipped_at, delivered_at, status) VALUES ('148', '89', '4', '2024-09-02 10:12:26', '2024-10-18 01:39:29', 'few');
INSERT INTO shipments (id, order_id, warehouse_id, shipped_at, delivered_at, status) VALUES ('149', '63', '9', '2024-10-17 17:27:52', '2024-08-15 13:14:27', 'economy');
INSERT INTO shipments (id, order_id, warehouse_id, shipped_at, delivered_at, status) VALUES ('150', '48', '7', '2025-06-14 14:34:33', '2024-10-10 19:27:24', 'why');
INSERT INTO shipments (id, order_id, warehouse_id, shipped_at, delivered_at, status) VALUES ('151', '221', '1', '2024-11-25 05:23:22', '2025-01-04 08:22:21', 'try');
INSERT INTO shipments (id, order_id, warehouse_id, shipped_at, delivered_at, status) VALUES ('152', '180', '7', '2024-07-14 19:20:41', '2024-11-26 23:13:17', 'case');
INSERT INTO shipments (id, order_id, warehouse_id, shipped_at, delivered_at, status) VALUES ('153', '223', '9', '2024-07-20 21:57:23', '2024-09-06 00:19:44', 'bring');
INSERT INTO shipments (id, order_id, warehouse_id, shipped_at, delivered_at, status) VALUES ('154', '185', '7', '2024-08-02 01:40:07', '2025-02-13 19:25:48', 'choice');
INSERT INTO shipments (id, order_id, warehouse_id, shipped_at, delivered_at, status) VALUES ('155', '213', '5', '2024-09-28 04:19:33', '2024-12-02 06:31:07', 'whose');
INSERT INTO shipments (id, order_id, warehouse_id, shipped_at, delivered_at, status) VALUES ('156', '19', '7', '2024-10-01 14:18:08', '2024-11-02 02:43:00', 'through');
INSERT INTO shipments (id, order_id, warehouse_id, shipped_at, delivered_at, status) VALUES ('157', '255', '7', '2024-07-19 09:41:08', '2025-06-19 05:25:40', 'course');
INSERT INTO shipments (id, order_id, warehouse_id, shipped_at, delivered_at, status) VALUES ('158', '115', '5', '2024-10-25 05:04:01', '2024-12-26 01:55:14', 'real');
INSERT INTO shipments (id, order_id, warehouse_id, shipped_at, delivered_at, status) VALUES ('159', '164', '8', '2025-01-28 16:40:21', '2025-03-01 21:19:32', 'interest');
INSERT INTO shipments (id, order_id, warehouse_id, shipped_at, delivered_at, status) VALUES ('160', '1', '4', '2024-09-11 06:11:35', '2024-08-09 16:36:42', 'air');
INSERT INTO shipments (id, order_id, warehouse_id, shipped_at, delivered_at, status) VALUES ('161', '200', '5', '2024-10-31 13:20:44', '2025-05-13 20:11:49', 'miss');
INSERT INTO shipments (id, order_id, warehouse_id, shipped_at, delivered_at, status) VALUES ('162', '147', '9', '2025-03-09 21:59:01', '2024-09-01 22:58:37', 'yes');
INSERT INTO shipments (id, order_id, warehouse_id, shipped_at, delivered_at, status) VALUES ('163', '82', '9', '2024-11-10 09:20:47', '2025-01-17 17:12:41', 'region');
INSERT INTO shipments (id, order_id, warehouse_id, shipped_at, delivered_at, status) VALUES ('164', '178', '3', '2025-01-30 21:01:23', '2024-07-31 11:37:14', 'size');
INSERT INTO shipments (id, order_id, warehouse_id, shipped_at, delivered_at, status) VALUES ('165', '211', '2', '2025-01-01 07:12:01', '2025-04-21 17:20:39', 'site');
INSERT INTO shipments (id, order_id, warehouse_id, shipped_at, delivered_at, status) VALUES ('166', '263', '1', '2024-08-25 06:19:13', '2024-10-04 02:03:22', 'represent');
INSERT INTO shipments (id, order_id, warehouse_id, shipped_at, delivered_at, status) VALUES ('167', '128', '1', '2025-06-07 14:36:50', '2025-03-26 00:07:21', 'road');
INSERT INTO shipments (id, order_id, warehouse_id, shipped_at, delivered_at, status) VALUES ('168', '62', '9', '2025-02-02 10:18:29', '2024-10-18 23:53:02', 'box');
INSERT INTO shipments (id, order_id, warehouse_id, shipped_at, delivered_at, status) VALUES ('169', '132', '9', '2024-08-04 08:39:08', '2024-11-29 09:55:55', 'attention');
INSERT INTO shipments (id, order_id, warehouse_id, shipped_at, delivered_at, status) VALUES ('170', '16', '10', '2025-05-08 19:21:23', '2024-07-19 10:46:00', 'late');
INSERT INTO shipments (id, order_id, warehouse_id, shipped_at, delivered_at, status) VALUES ('171', '134', '10', '2024-08-23 05:45:49', '2025-06-23 22:22:28', 'story');
INSERT INTO shipments (id, order_id, warehouse_id, shipped_at, delivered_at, status) VALUES ('172', '162', '7', '2025-06-15 19:45:24', '2025-02-13 23:26:15', 'day');
INSERT INTO shipments (id, order_id, warehouse_id, shipped_at, delivered_at, status) VALUES ('173', '96', '7', '2024-10-04 20:17:54', '2025-03-18 23:41:03', 'onto');
INSERT INTO shipments (id, order_id, warehouse_id, shipped_at, delivered_at, status) VALUES ('174', '298', '8', '2024-12-31 07:39:04', '2025-01-16 10:19:31', 'ok');
INSERT INTO shipments (id, order_id, warehouse_id, shipped_at, delivered_at, status) VALUES ('175', '123', '5', '2024-09-29 11:22:11', '2024-07-17 08:12:26', 'car');
INSERT INTO shipments (id, order_id, warehouse_id, shipped_at, delivered_at, status) VALUES ('176', '136', '6', '2025-03-20 16:34:45', '2024-09-17 14:46:46', 'citizen');
INSERT INTO shipments (id, order_id, warehouse_id, shipped_at, delivered_at, status) VALUES ('177', '159', '9', '2024-10-15 21:13:55', '2024-10-30 16:46:49', 'air');
INSERT INTO shipments (id, order_id, warehouse_id, shipped_at, delivered_at, status) VALUES ('178', '12', '8', '2025-03-16 05:40:22', '2024-08-02 20:44:34', 'where');
INSERT INTO shipments (id, order_id, warehouse_id, shipped_at, delivered_at, status) VALUES ('179', '214', '3', '2025-02-23 03:31:02', '2024-12-03 05:33:16', 'lose');
INSERT INTO shipments (id, order_id, warehouse_id, shipped_at, delivered_at, status) VALUES ('180', '31', '9', '2024-10-28 00:29:27', '2024-10-19 15:44:44', 'affect');
INSERT INTO shipments (id, order_id, warehouse_id, shipped_at, delivered_at, status) VALUES ('181', '182', '5', '2025-06-26 10:41:56', '2024-11-02 17:56:26', 'ball');
INSERT INTO shipments (id, order_id, warehouse_id, shipped_at, delivered_at, status) VALUES ('182', '204', '9', '2025-03-24 13:20:51', '2024-09-01 08:24:58', 'full');
INSERT INTO shipments (id, order_id, warehouse_id, shipped_at, delivered_at, status) VALUES ('183', '137', '2', '2024-10-27 10:45:09', '2025-01-29 02:04:47', 'teach');
INSERT INTO shipments (id, order_id, warehouse_id, shipped_at, delivered_at, status) VALUES ('184', '177', '2', '2025-06-18 11:06:45', '2024-11-26 15:43:25', 'have');
INSERT INTO shipments (id, order_id, warehouse_id, shipped_at, delivered_at, status) VALUES ('185', '291', '4', '2024-07-15 00:39:20', '2025-06-02 11:05:17', 'citizen');
INSERT INTO shipments (id, order_id, warehouse_id, shipped_at, delivered_at, status) VALUES ('186', '255', '9', '2024-12-13 08:23:28', '2025-01-19 10:02:12', 'save');
INSERT INTO shipments (id, order_id, warehouse_id, shipped_at, delivered_at, status) VALUES ('187', '224', '7', '2025-06-09 04:05:58', '2024-09-24 04:19:33', 'year');
INSERT INTO shipments (id, order_id, warehouse_id, shipped_at, delivered_at, status) VALUES ('188', '281', '10', '2024-09-02 04:37:34', '2024-10-16 20:25:54', 'recently');
INSERT INTO shipments (id, order_id, warehouse_id, shipped_at, delivered_at, status) VALUES ('189', '95', '9', '2025-02-08 05:37:23', '2024-12-19 23:42:28', 'them');
INSERT INTO shipments (id, order_id, warehouse_id, shipped_at, delivered_at, status) VALUES ('190', '143', '1', '2025-01-18 15:20:23', '2025-06-11 18:45:59', 'expert');
INSERT INTO shipments (id, order_id, warehouse_id, shipped_at, delivered_at, status) VALUES ('191', '239', '5', '2025-01-15 07:39:03', '2025-03-07 04:24:42', 'day');
INSERT INTO shipments (id, order_id, warehouse_id, shipped_at, delivered_at, status) VALUES ('192', '148', '9', '2025-02-24 16:57:02', '2024-10-23 20:42:42', 'style');
INSERT INTO shipments (id, order_id, warehouse_id, shipped_at, delivered_at, status) VALUES ('193', '216', '4', '2024-12-24 18:27:03', '2024-09-19 18:15:19', 'real');
INSERT INTO shipments (id, order_id, warehouse_id, shipped_at, delivered_at, status) VALUES ('194', '26', '8', '2025-02-07 02:46:53', '2024-07-07 06:17:13', 'issue');
INSERT INTO shipments (id, order_id, warehouse_id, shipped_at, delivered_at, status) VALUES ('195', '107', '9', '2025-03-09 02:32:14', '2024-11-01 13:10:40', 'capital');
INSERT INTO shipments (id, order_id, warehouse_id, shipped_at, delivered_at, status) VALUES ('196', '71', '1', '2025-02-15 18:38:45', '2025-06-17 08:43:01', 'news');
INSERT INTO shipments (id, order_id, warehouse_id, shipped_at, delivered_at, status) VALUES ('197', '114', '1', '2025-04-22 08:39:07', '2025-05-09 17:14:21', 'traditional');
INSERT INTO shipments (id, order_id, warehouse_id, shipped_at, delivered_at, status) VALUES ('198', '191', '6', '2024-10-16 11:34:48', '2024-11-13 13:47:01', 'much');
INSERT INTO shipments (id, order_id, warehouse_id, shipped_at, delivered_at, status) VALUES ('199', '96', '7', '2024-09-07 09:59:33', '2025-01-11 13:09:46', 'move');
INSERT INTO shipments (id, order_id, warehouse_id, shipped_at, delivered_at, status) VALUES ('200', '11', '9', '2025-01-15 17:43:52', '2024-10-28 00:34:49', 'expert');
INSERT INTO shipments (id, order_id, warehouse_id, shipped_at, delivered_at, status) VALUES ('201', '131', '4', '2025-04-15 20:52:24', '2025-03-31 15:45:37', 'development');
INSERT INTO shipments (id, order_id, warehouse_id, shipped_at, delivered_at, status) VALUES ('202', '230', '5', '2025-03-16 09:56:35', '2025-02-24 07:37:53', 'agree');
INSERT INTO shipments (id, order_id, warehouse_id, shipped_at, delivered_at, status) VALUES ('203', '225', '9', '2025-04-26 08:50:22', '2025-01-12 17:02:23', 'natural');
INSERT INTO shipments (id, order_id, warehouse_id, shipped_at, delivered_at, status) VALUES ('204', '205', '4', '2024-08-21 08:40:36', '2025-05-25 09:52:11', 'when');
INSERT INTO shipments (id, order_id, warehouse_id, shipped_at, delivered_at, status) VALUES ('205', '114', '2', '2025-03-02 12:51:46', '2025-06-01 11:05:40', 'good');
INSERT INTO shipments (id, order_id, warehouse_id, shipped_at, delivered_at, status) VALUES ('206', '264', '4', '2025-01-11 09:37:34', '2024-11-23 03:57:51', 'night');
INSERT INTO shipments (id, order_id, warehouse_id, shipped_at, delivered_at, status) VALUES ('207', '133', '6', '2025-05-05 08:24:41', '2024-11-18 23:42:08', 'reality');
INSERT INTO shipments (id, order_id, warehouse_id, shipped_at, delivered_at, status) VALUES ('208', '84', '6', '2024-10-17 23:05:52', '2024-09-15 05:23:43', 'to');
INSERT INTO shipments (id, order_id, warehouse_id, shipped_at, delivered_at, status) VALUES ('209', '259', '8', '2024-09-26 08:06:57', '2025-04-30 10:11:20', 'no');
INSERT INTO shipments (id, order_id, warehouse_id, shipped_at, delivered_at, status) VALUES ('210', '254', '3', '2025-03-09 05:38:12', '2024-09-06 17:33:01', 'nor');
INSERT INTO shipments (id, order_id, warehouse_id, shipped_at, delivered_at, status) VALUES ('211', '57', '1', '2024-09-06 07:28:13', '2025-03-03 08:56:52', 'friend');
INSERT INTO shipments (id, order_id, warehouse_id, shipped_at, delivered_at, status) VALUES ('212', '17', '2', '2025-06-06 12:35:18', '2025-01-25 04:12:08', 'able');
INSERT INTO shipments (id, order_id, warehouse_id, shipped_at, delivered_at, status) VALUES ('213', '170', '6', '2025-04-09 11:12:07', '2024-12-29 23:21:13', 'stand');
INSERT INTO shipments (id, order_id, warehouse_id, shipped_at, delivered_at, status) VALUES ('214', '34', '7', '2024-12-31 23:47:47', '2024-11-02 11:52:58', 'order');
INSERT INTO shipments (id, order_id, warehouse_id, shipped_at, delivered_at, status) VALUES ('215', '42', '6', '2025-03-27 05:27:27', '2025-06-20 23:43:06', 'you');
INSERT INTO shipments (id, order_id, warehouse_id, shipped_at, delivered_at, status) VALUES ('216', '247', '10', '2024-12-10 23:02:35', '2024-09-24 08:54:34', 'over');
INSERT INTO shipments (id, order_id, warehouse_id, shipped_at, delivered_at, status) VALUES ('217', '237', '4', '2024-12-27 20:13:26', '2025-01-30 17:18:28', 'tax');
INSERT INTO shipments (id, order_id, warehouse_id, shipped_at, delivered_at, status) VALUES ('218', '69', '1', '2025-03-02 23:09:13', '2025-04-15 09:50:53', 'central');
INSERT INTO shipments (id, order_id, warehouse_id, shipped_at, delivered_at, status) VALUES ('219', '178', '3', '2024-10-30 22:39:35', '2025-02-14 18:35:18', 'environmental');
INSERT INTO shipments (id, order_id, warehouse_id, shipped_at, delivered_at, status) VALUES ('220', '231', '6', '2025-02-24 07:00:59', '2024-12-05 02:20:39', 'truth');
INSERT INTO shipments (id, order_id, warehouse_id, shipped_at, delivered_at, status) VALUES ('221', '145', '7', '2025-05-07 06:36:35', '2024-10-28 17:26:33', 'listen');
INSERT INTO shipments (id, order_id, warehouse_id, shipped_at, delivered_at, status) VALUES ('222', '200', '8', '2024-09-25 14:17:33', '2025-03-22 10:08:00', 'interest');
INSERT INTO shipments (id, order_id, warehouse_id, shipped_at, delivered_at, status) VALUES ('223', '91', '1', '2024-10-27 23:26:03', '2024-07-31 02:55:49', 'summer');
INSERT INTO shipments (id, order_id, warehouse_id, shipped_at, delivered_at, status) VALUES ('224', '138', '2', '2024-12-30 10:35:03', '2025-05-31 05:15:42', 'standard');
INSERT INTO shipments (id, order_id, warehouse_id, shipped_at, delivered_at, status) VALUES ('225', '72', '4', '2025-03-13 16:29:58', '2025-05-09 02:02:36', 'safe');
INSERT INTO shipments (id, order_id, warehouse_id, shipped_at, delivered_at, status) VALUES ('226', '227', '4', '2025-03-12 07:39:27', '2025-02-21 15:19:23', 'quite');
INSERT INTO shipments (id, order_id, warehouse_id, shipped_at, delivered_at, status) VALUES ('227', '103', '7', '2025-02-11 07:16:34', '2024-08-15 06:15:31', 'party');
INSERT INTO shipments (id, order_id, warehouse_id, shipped_at, delivered_at, status) VALUES ('228', '24', '10', '2024-09-08 04:06:32', '2024-11-10 10:19:15', 'these');
INSERT INTO shipments (id, order_id, warehouse_id, shipped_at, delivered_at, status) VALUES ('229', '233', '9', '2024-10-17 02:37:55', '2025-01-19 05:26:39', 'able');
INSERT INTO shipments (id, order_id, warehouse_id, shipped_at, delivered_at, status) VALUES ('230', '298', '1', '2025-01-09 12:32:03', '2025-03-19 03:01:43', 'big');
INSERT INTO shipments (id, order_id, warehouse_id, shipped_at, delivered_at, status) VALUES ('231', '155', '5', '2024-10-08 23:57:55', '2025-05-20 10:48:59', 'area');
INSERT INTO shipments (id, order_id, warehouse_id, shipped_at, delivered_at, status) VALUES ('232', '160', '4', '2024-07-09 08:31:24', '2024-09-02 08:21:51', 'evening');
INSERT INTO shipments (id, order_id, warehouse_id, shipped_at, delivered_at, status) VALUES ('233', '234', '7', '2024-09-11 04:12:52', '2025-04-17 03:11:57', 'all');
INSERT INTO shipments (id, order_id, warehouse_id, shipped_at, delivered_at, status) VALUES ('234', '200', '6', '2024-10-21 16:56:08', '2025-05-01 18:32:19', 'which');
INSERT INTO shipments (id, order_id, warehouse_id, shipped_at, delivered_at, status) VALUES ('235', '242', '10', '2025-02-04 21:41:27', '2025-06-19 03:52:51', 'left');
INSERT INTO shipments (id, order_id, warehouse_id, shipped_at, delivered_at, status) VALUES ('236', '124', '8', '2024-07-30 03:47:15', '2025-02-16 09:19:36', 'nearly');
INSERT INTO shipments (id, order_id, warehouse_id, shipped_at, delivered_at, status) VALUES ('237', '194', '6', '2024-10-13 04:31:45', '2025-02-04 19:32:22', 'rise');
INSERT INTO shipments (id, order_id, warehouse_id, shipped_at, delivered_at, status) VALUES ('238', '13', '10', '2025-06-17 23:14:33', '2024-11-16 09:32:08', 'remain');
INSERT INTO shipments (id, order_id, warehouse_id, shipped_at, delivered_at, status) VALUES ('239', '262', '5', '2025-01-13 14:58:43', '2025-03-21 10:27:36', 'beautiful');
INSERT INTO shipments (id, order_id, warehouse_id, shipped_at, delivered_at, status) VALUES ('240', '130', '4', '2024-09-03 06:43:50', '2024-10-25 09:43:04', 'coach');
INSERT INTO shipments (id, order_id, warehouse_id, shipped_at, delivered_at, status) VALUES ('241', '22', '6', '2025-05-29 12:18:40', '2024-09-14 21:42:45', 'civil');
INSERT INTO shipments (id, order_id, warehouse_id, shipped_at, delivered_at, status) VALUES ('242', '69', '2', '2024-12-07 16:31:41', '2025-06-12 14:37:40', 'early');
INSERT INTO shipments (id, order_id, warehouse_id, shipped_at, delivered_at, status) VALUES ('243', '55', '7', '2025-02-26 10:53:14', '2025-05-15 13:03:46', 'tonight');
INSERT INTO shipments (id, order_id, warehouse_id, shipped_at, delivered_at, status) VALUES ('244', '247', '6', '2024-09-20 04:10:38', '2024-12-11 23:53:17', 'physical');
INSERT INTO shipments (id, order_id, warehouse_id, shipped_at, delivered_at, status) VALUES ('245', '153', '1', '2025-01-23 15:15:10', '2024-07-19 14:09:33', 'again');
INSERT INTO shipments (id, order_id, warehouse_id, shipped_at, delivered_at, status) VALUES ('246', '51', '8', '2025-03-13 17:30:47', '2024-07-12 15:02:31', 'painting');
INSERT INTO shipments (id, order_id, warehouse_id, shipped_at, delivered_at, status) VALUES ('247', '24', '8', '2024-12-16 10:21:08', '2025-04-20 09:19:53', 'know');
INSERT INTO shipments (id, order_id, warehouse_id, shipped_at, delivered_at, status) VALUES ('248', '154', '2', '2025-01-06 02:11:01', '2025-04-25 20:41:22', 'thought');
INSERT INTO shipments (id, order_id, warehouse_id, shipped_at, delivered_at, status) VALUES ('249', '25', '2', '2025-02-01 17:13:53', '2024-12-12 13:02:57', 'ever');
INSERT INTO shipments (id, order_id, warehouse_id, shipped_at, delivered_at, status) VALUES ('250', '288', '6', '2025-04-01 03:22:18', '2024-12-19 10:28:02', 'produce');
INSERT INTO shipments (id, order_id, warehouse_id, shipped_at, delivered_at, status) VALUES ('251', '78', '5', '2024-09-02 15:48:50', '2024-07-17 13:57:18', 'around');
INSERT INTO shipments (id, order_id, warehouse_id, shipped_at, delivered_at, status) VALUES ('252', '96', '10', '2024-08-01 04:00:43', '2025-03-22 21:05:35', 'friend');
INSERT INTO shipments (id, order_id, warehouse_id, shipped_at, delivered_at, status) VALUES ('253', '202', '8', '2024-10-23 07:29:47', '2025-02-11 05:43:12', 'that');
INSERT INTO shipments (id, order_id, warehouse_id, shipped_at, delivered_at, status) VALUES ('254', '9', '7', '2024-09-01 19:25:26', '2025-02-13 17:22:16', 'various');
INSERT INTO shipments (id, order_id, warehouse_id, shipped_at, delivered_at, status) VALUES ('255', '163', '7', '2024-08-16 14:44:10', '2025-06-26 20:05:23', 'child');
INSERT INTO shipments (id, order_id, warehouse_id, shipped_at, delivered_at, status) VALUES ('256', '295', '2', '2025-01-18 08:29:10', '2024-09-07 21:20:24', 'form');
INSERT INTO shipments (id, order_id, warehouse_id, shipped_at, delivered_at, status) VALUES ('257', '117', '9', '2025-06-04 02:27:03', '2025-06-07 23:13:39', 'home');
INSERT INTO shipments (id, order_id, warehouse_id, shipped_at, delivered_at, status) VALUES ('258', '84', '7', '2025-02-03 04:37:00', '2024-11-03 05:20:00', 'why');
INSERT INTO shipments (id, order_id, warehouse_id, shipped_at, delivered_at, status) VALUES ('259', '179', '4', '2025-06-18 23:22:05', '2024-10-19 05:42:04', 'water');
INSERT INTO shipments (id, order_id, warehouse_id, shipped_at, delivered_at, status) VALUES ('260', '83', '5', '2025-03-23 09:16:32', '2025-01-21 07:33:31', 'administration');
INSERT INTO shipments (id, order_id, warehouse_id, shipped_at, delivered_at, status) VALUES ('261', '272', '8', '2024-08-04 19:37:07', '2025-04-19 17:32:40', 'small');
INSERT INTO shipments (id, order_id, warehouse_id, shipped_at, delivered_at, status) VALUES ('262', '88', '7', '2025-04-18 19:22:19', '2024-11-29 13:32:37', 'design');
INSERT INTO shipments (id, order_id, warehouse_id, shipped_at, delivered_at, status) VALUES ('263', '151', '7', '2025-04-02 00:58:55', '2024-12-30 06:55:05', 'call');
INSERT INTO shipments (id, order_id, warehouse_id, shipped_at, delivered_at, status) VALUES ('264', '225', '8', '2024-10-03 21:50:40', '2025-05-08 07:25:43', 'memory');
INSERT INTO shipments (id, order_id, warehouse_id, shipped_at, delivered_at, status) VALUES ('265', '172', '6', '2025-04-01 01:26:17', '2024-09-22 11:13:07', 'key');
INSERT INTO shipments (id, order_id, warehouse_id, shipped_at, delivered_at, status) VALUES ('266', '19', '1', '2025-02-20 11:41:40', '2024-09-30 07:12:39', 'Democrat');
INSERT INTO shipments (id, order_id, warehouse_id, shipped_at, delivered_at, status) VALUES ('267', '129', '5', '2025-04-05 01:36:30', '2024-11-27 02:29:40', 'goal');
INSERT INTO shipments (id, order_id, warehouse_id, shipped_at, delivered_at, status) VALUES ('268', '33', '1', '2025-03-20 19:16:23', '2024-10-21 18:50:54', 'analysis');
INSERT INTO shipments (id, order_id, warehouse_id, shipped_at, delivered_at, status) VALUES ('269', '184', '10', '2024-08-16 09:04:25', '2025-02-11 23:41:49', 'million');
INSERT INTO shipments (id, order_id, warehouse_id, shipped_at, delivered_at, status) VALUES ('270', '55', '6', '2024-09-20 08:06:06', '2024-07-11 21:25:53', 'break');
INSERT INTO shipments (id, order_id, warehouse_id, shipped_at, delivered_at, status) VALUES ('271', '197', '1', '2024-09-20 06:17:53', '2025-03-17 03:25:54', 'wish');
INSERT INTO shipments (id, order_id, warehouse_id, shipped_at, delivered_at, status) VALUES ('272', '43', '8', '2024-11-08 03:05:04', '2025-05-29 01:41:44', 'society');
INSERT INTO shipments (id, order_id, warehouse_id, shipped_at, delivered_at, status) VALUES ('273', '4', '4', '2024-07-26 05:17:42', '2024-07-16 16:25:52', 'letter');
INSERT INTO shipments (id, order_id, warehouse_id, shipped_at, delivered_at, status) VALUES ('274', '211', '9', '2025-03-11 00:05:07', '2024-09-02 05:21:07', 'have');
INSERT INTO shipments (id, order_id, warehouse_id, shipped_at, delivered_at, status) VALUES ('275', '267', '9', '2025-04-14 23:06:53', '2025-06-09 01:19:34', 'kid');
INSERT INTO shipments (id, order_id, warehouse_id, shipped_at, delivered_at, status) VALUES ('276', '274', '6', '2025-03-27 19:01:38', '2024-12-12 02:08:21', 'give');
INSERT INTO shipments (id, order_id, warehouse_id, shipped_at, delivered_at, status) VALUES ('277', '117', '1', '2024-07-11 12:25:33', '2024-09-18 09:30:36', 'question');
INSERT INTO shipments (id, order_id, warehouse_id, shipped_at, delivered_at, status) VALUES ('278', '171', '5', '2024-11-20 01:19:23', '2025-05-03 05:38:57', 'western');
INSERT INTO shipments (id, order_id, warehouse_id, shipped_at, delivered_at, status) VALUES ('279', '105', '10', '2025-03-25 22:26:45', '2024-09-22 23:31:31', 'onto');
INSERT INTO shipments (id, order_id, warehouse_id, shipped_at, delivered_at, status) VALUES ('280', '150', '4', '2025-06-19 15:12:07', '2024-07-14 17:10:29', 'good');
INSERT INTO shipments (id, order_id, warehouse_id, shipped_at, delivered_at, status) VALUES ('281', '22', '6', '2025-04-23 09:00:29', '2024-11-03 00:11:37', 'government');
INSERT INTO shipments (id, order_id, warehouse_id, shipped_at, delivered_at, status) VALUES ('282', '285', '8', '2024-10-08 20:21:07', '2025-04-09 22:37:57', 'difficult');
INSERT INTO shipments (id, order_id, warehouse_id, shipped_at, delivered_at, status) VALUES ('283', '143', '10', '2024-12-08 11:27:42', '2025-03-03 15:42:43', 'with');
INSERT INTO shipments (id, order_id, warehouse_id, shipped_at, delivered_at, status) VALUES ('284', '51', '10', '2024-08-24 22:11:22', '2025-02-22 09:24:17', 'pay');
INSERT INTO shipments (id, order_id, warehouse_id, shipped_at, delivered_at, status) VALUES ('285', '292', '1', '2024-12-28 06:15:45', '2025-02-05 20:14:58', 'my');
INSERT INTO shipments (id, order_id, warehouse_id, shipped_at, delivered_at, status) VALUES ('286', '57', '5', '2025-03-22 23:26:55', '2024-10-28 04:47:09', 'rather');
INSERT INTO shipments (id, order_id, warehouse_id, shipped_at, delivered_at, status) VALUES ('287', '36', '1', '2025-03-30 22:27:36', '2024-11-12 07:25:03', 'sport');
INSERT INTO shipments (id, order_id, warehouse_id, shipped_at, delivered_at, status) VALUES ('288', '217', '2', '2024-08-29 11:10:19', '2024-11-18 05:19:47', 'create');
INSERT INTO shipments (id, order_id, warehouse_id, shipped_at, delivered_at, status) VALUES ('289', '251', '9', '2025-02-21 17:51:22', '2024-11-25 06:30:56', 'send');
INSERT INTO shipments (id, order_id, warehouse_id, shipped_at, delivered_at, status) VALUES ('290', '275', '1', '2025-05-16 13:43:24', '2024-11-07 20:07:36', 'run');
INSERT INTO shipments (id, order_id, warehouse_id, shipped_at, delivered_at, status) VALUES ('291', '15', '7', '2025-06-19 02:50:27', '2024-10-14 20:38:44', 'interesting');
INSERT INTO shipments (id, order_id, warehouse_id, shipped_at, delivered_at, status) VALUES ('292', '188', '10', '2025-01-10 13:06:53', '2024-07-25 02:50:12', 'tend');
INSERT INTO shipments (id, order_id, warehouse_id, shipped_at, delivered_at, status) VALUES ('293', '281', '4', '2025-03-28 23:12:07', '2025-01-06 05:31:51', 'grow');
INSERT INTO shipments (id, order_id, warehouse_id, shipped_at, delivered_at, status) VALUES ('294', '172', '9', '2024-10-28 07:23:34', '2024-10-07 03:46:21', 'however');
INSERT INTO shipments (id, order_id, warehouse_id, shipped_at, delivered_at, status) VALUES ('295', '147', '3', '2025-06-30 07:33:14', '2024-08-07 18:31:20', 'yourself');
INSERT INTO shipments (id, order_id, warehouse_id, shipped_at, delivered_at, status) VALUES ('296', '236', '8', '2024-12-26 07:13:13', '2025-03-23 21:56:18', 'part');
INSERT INTO shipments (id, order_id, warehouse_id, shipped_at, delivered_at, status) VALUES ('297', '98', '9', '2025-02-01 12:45:45', '2025-06-10 11:16:12', 'ahead');
INSERT INTO shipments (id, order_id, warehouse_id, shipped_at, delivered_at, status) VALUES ('298', '40', '7', '2024-12-29 21:01:38', '2025-04-19 10:29:11', 'more');
INSERT INTO shipments (id, order_id, warehouse_id, shipped_at, delivered_at, status) VALUES ('299', '289', '2', '2025-06-18 13:44:14', '2024-09-16 03:40:06', 'design');
INSERT INTO shipments (id, order_id, warehouse_id, shipped_at, delivered_at, status) VALUES ('300', '86', '7', '2024-10-26 12:28:02', '2025-06-05 15:53:56', 'article');


-- Table: delivery_partners
CREATE TABLE delivery_partners (id TEXT, name TEXT, vehicle_type TEXT, phone_number TEXT);
INSERT INTO delivery_partners (id, name, vehicle_type, phone_number) VALUES ('1', 'Cheryl Hutchinson', 'he', '+1-480-968-9845x5268');
INSERT INTO delivery_partners (id, name, vehicle_type, phone_number) VALUES ('2', 'Devin Ortiz MD', 'painting', '7407825341');
INSERT INTO delivery_partners (id, name, vehicle_type, phone_number) VALUES ('3', 'William Owens', 'might', '590-224-9234');
INSERT INTO delivery_partners (id, name, vehicle_type, phone_number) VALUES ('4', 'Andrea Lara', 'large', '708.771.4167x84271');
INSERT INTO delivery_partners (id, name, vehicle_type, phone_number) VALUES ('5', 'Barbara Burns', 'always', '001-985-879-7756x11003');
INSERT INTO delivery_partners (id, name, vehicle_type, phone_number) VALUES ('6', 'Cody Brown', 'join', '408-709-5408');
INSERT INTO delivery_partners (id, name, vehicle_type, phone_number) VALUES ('7', 'Sierra Bradley', 'offer', '001-896-594-9195x8563');
INSERT INTO delivery_partners (id, name, vehicle_type, phone_number) VALUES ('8', 'Patrick Sandoval', 'trip', '615.995.7723x9070');
INSERT INTO delivery_partners (id, name, vehicle_type, phone_number) VALUES ('9', 'Grace Young', 'call', '395-772-6067x72503');
INSERT INTO delivery_partners (id, name, vehicle_type, phone_number) VALUES ('10', 'Matthew Lester', 'score', '+1-994-236-6114x2753');
INSERT INTO delivery_partners (id, name, vehicle_type, phone_number) VALUES ('11', 'April Simmons', 'seek', '767-548-9621x6395');
INSERT INTO delivery_partners (id, name, vehicle_type, phone_number) VALUES ('12', 'Riley Barnes', 'early', '638.870.1396x4224');
INSERT INTO delivery_partners (id, name, vehicle_type, phone_number) VALUES ('13', 'Christine Serrano', 'pull', '336-685-1140');
INSERT INTO delivery_partners (id, name, vehicle_type, phone_number) VALUES ('14', 'Kendra Garrison', 'town', '720.477.9330x4390');
INSERT INTO delivery_partners (id, name, vehicle_type, phone_number) VALUES ('15', 'Colleen Moody', 'everyone', '728.848.3794');


-- Table: delivery_assignments
CREATE TABLE delivery_assignments (id TEXT, shipment_id TEXT, partner_id TEXT, assigned_at TEXT, completed_at TEXT);
INSERT INTO delivery_assignments (id, shipment_id, partner_id, assigned_at, completed_at) VALUES ('1', '68', '8', '2024-08-23 10:32:38', '2025-05-10 23:13:26');
INSERT INTO delivery_assignments (id, shipment_id, partner_id, assigned_at, completed_at) VALUES ('2', '194', '7', '2024-09-30 18:39:04', '2025-06-23 19:37:05');
INSERT INTO delivery_assignments (id, shipment_id, partner_id, assigned_at, completed_at) VALUES ('3', '293', '6', '2024-09-29 01:00:23', '2024-12-16 11:02:40');
INSERT INTO delivery_assignments (id, shipment_id, partner_id, assigned_at, completed_at) VALUES ('4', '151', '15', '2025-05-04 01:33:50', '2024-08-14 08:03:33');
INSERT INTO delivery_assignments (id, shipment_id, partner_id, assigned_at, completed_at) VALUES ('5', '247', '12', '2024-12-28 21:27:16', '2024-09-26 17:00:54');
INSERT INTO delivery_assignments (id, shipment_id, partner_id, assigned_at, completed_at) VALUES ('6', '61', '3', '2024-09-26 06:50:34', '2025-04-17 09:18:59');
INSERT INTO delivery_assignments (id, shipment_id, partner_id, assigned_at, completed_at) VALUES ('7', '217', '2', '2024-10-14 18:09:48', '2024-09-20 18:24:05');
INSERT INTO delivery_assignments (id, shipment_id, partner_id, assigned_at, completed_at) VALUES ('8', '158', '12', '2025-04-02 18:16:05', '2024-07-05 04:49:46');
INSERT INTO delivery_assignments (id, shipment_id, partner_id, assigned_at, completed_at) VALUES ('9', '32', '13', '2024-07-08 12:58:55', '2025-03-10 07:56:42');
INSERT INTO delivery_assignments (id, shipment_id, partner_id, assigned_at, completed_at) VALUES ('10', '2', '7', '2024-12-17 22:34:27', '2024-08-31 05:47:48');
INSERT INTO delivery_assignments (id, shipment_id, partner_id, assigned_at, completed_at) VALUES ('11', '152', '2', '2024-12-20 06:19:39', '2025-01-17 07:21:29');
INSERT INTO delivery_assignments (id, shipment_id, partner_id, assigned_at, completed_at) VALUES ('12', '13', '6', '2025-01-20 02:36:56', '2024-12-22 15:55:56');
INSERT INTO delivery_assignments (id, shipment_id, partner_id, assigned_at, completed_at) VALUES ('13', '173', '12', '2025-02-06 15:06:35', '2025-03-29 01:59:30');
INSERT INTO delivery_assignments (id, shipment_id, partner_id, assigned_at, completed_at) VALUES ('14', '220', '11', '2025-06-18 03:35:21', '2025-03-05 13:14:36');
INSERT INTO delivery_assignments (id, shipment_id, partner_id, assigned_at, completed_at) VALUES ('15', '121', '10', '2025-01-21 15:21:19', '2024-08-25 07:35:50');
INSERT INTO delivery_assignments (id, shipment_id, partner_id, assigned_at, completed_at) VALUES ('16', '127', '4', '2024-08-28 02:47:43', '2024-09-06 04:41:50');
INSERT INTO delivery_assignments (id, shipment_id, partner_id, assigned_at, completed_at) VALUES ('17', '287', '9', '2024-10-25 12:28:45', '2025-04-03 23:00:56');
INSERT INTO delivery_assignments (id, shipment_id, partner_id, assigned_at, completed_at) VALUES ('18', '224', '14', '2024-11-28 05:10:19', '2025-02-27 05:59:53');
INSERT INTO delivery_assignments (id, shipment_id, partner_id, assigned_at, completed_at) VALUES ('19', '22', '8', '2025-01-06 22:13:28', '2025-07-02 11:11:00');
INSERT INTO delivery_assignments (id, shipment_id, partner_id, assigned_at, completed_at) VALUES ('20', '200', '12', '2025-03-29 05:24:45', '2025-03-12 14:00:06');
INSERT INTO delivery_assignments (id, shipment_id, partner_id, assigned_at, completed_at) VALUES ('21', '51', '8', '2024-11-12 14:11:38', '2024-12-15 14:14:55');
INSERT INTO delivery_assignments (id, shipment_id, partner_id, assigned_at, completed_at) VALUES ('22', '98', '11', '2025-01-01 00:05:16', '2024-08-31 05:24:10');
INSERT INTO delivery_assignments (id, shipment_id, partner_id, assigned_at, completed_at) VALUES ('23', '223', '10', '2025-05-29 12:51:59', '2025-01-16 04:40:55');
INSERT INTO delivery_assignments (id, shipment_id, partner_id, assigned_at, completed_at) VALUES ('24', '100', '4', '2025-01-03 10:26:05', '2024-09-06 12:08:21');
INSERT INTO delivery_assignments (id, shipment_id, partner_id, assigned_at, completed_at) VALUES ('25', '242', '13', '2025-04-03 04:21:37', '2024-12-27 06:07:27');
INSERT INTO delivery_assignments (id, shipment_id, partner_id, assigned_at, completed_at) VALUES ('26', '171', '4', '2024-12-22 04:23:50', '2025-04-07 17:45:39');
INSERT INTO delivery_assignments (id, shipment_id, partner_id, assigned_at, completed_at) VALUES ('27', '281', '11', '2025-04-14 11:37:57', '2025-02-19 16:19:50');
INSERT INTO delivery_assignments (id, shipment_id, partner_id, assigned_at, completed_at) VALUES ('28', '259', '1', '2024-09-07 20:39:20', '2024-10-05 05:52:03');
INSERT INTO delivery_assignments (id, shipment_id, partner_id, assigned_at, completed_at) VALUES ('29', '86', '15', '2024-12-10 11:41:02', '2025-01-08 04:38:41');
INSERT INTO delivery_assignments (id, shipment_id, partner_id, assigned_at, completed_at) VALUES ('30', '217', '4', '2025-01-18 03:40:59', '2025-04-08 01:20:16');
INSERT INTO delivery_assignments (id, shipment_id, partner_id, assigned_at, completed_at) VALUES ('31', '133', '10', '2025-02-28 01:48:11', '2025-04-04 09:59:20');
INSERT INTO delivery_assignments (id, shipment_id, partner_id, assigned_at, completed_at) VALUES ('32', '15', '7', '2025-05-13 08:42:22', '2025-01-17 12:45:16');
INSERT INTO delivery_assignments (id, shipment_id, partner_id, assigned_at, completed_at) VALUES ('33', '168', '13', '2024-07-07 05:49:34', '2025-06-04 00:43:17');
INSERT INTO delivery_assignments (id, shipment_id, partner_id, assigned_at, completed_at) VALUES ('34', '112', '11', '2024-10-16 17:22:32', '2024-12-02 06:14:05');
INSERT INTO delivery_assignments (id, shipment_id, partner_id, assigned_at, completed_at) VALUES ('35', '156', '8', '2025-05-17 17:00:39', '2024-07-18 19:45:45');
INSERT INTO delivery_assignments (id, shipment_id, partner_id, assigned_at, completed_at) VALUES ('36', '211', '5', '2024-10-25 10:03:01', '2025-05-02 17:54:25');
INSERT INTO delivery_assignments (id, shipment_id, partner_id, assigned_at, completed_at) VALUES ('37', '35', '2', '2025-06-15 00:50:57', '2024-09-08 21:36:26');
INSERT INTO delivery_assignments (id, shipment_id, partner_id, assigned_at, completed_at) VALUES ('38', '168', '12', '2024-08-12 13:00:18', '2024-12-07 14:21:35');
INSERT INTO delivery_assignments (id, shipment_id, partner_id, assigned_at, completed_at) VALUES ('39', '36', '4', '2025-03-02 20:23:15', '2025-03-15 20:26:30');
INSERT INTO delivery_assignments (id, shipment_id, partner_id, assigned_at, completed_at) VALUES ('40', '66', '2', '2025-05-22 02:37:12', '2024-09-10 16:12:12');
INSERT INTO delivery_assignments (id, shipment_id, partner_id, assigned_at, completed_at) VALUES ('41', '205', '3', '2025-03-30 07:14:22', '2025-06-26 08:51:51');
INSERT INTO delivery_assignments (id, shipment_id, partner_id, assigned_at, completed_at) VALUES ('42', '248', '9', '2024-12-15 11:47:52', '2024-09-03 16:14:38');
INSERT INTO delivery_assignments (id, shipment_id, partner_id, assigned_at, completed_at) VALUES ('43', '194', '7', '2024-07-31 21:30:01', '2024-07-23 14:45:19');
INSERT INTO delivery_assignments (id, shipment_id, partner_id, assigned_at, completed_at) VALUES ('44', '148', '4', '2024-08-28 14:34:59', '2024-07-08 16:05:41');
INSERT INTO delivery_assignments (id, shipment_id, partner_id, assigned_at, completed_at) VALUES ('45', '260', '1', '2024-09-01 04:47:23', '2024-10-21 05:11:30');
INSERT INTO delivery_assignments (id, shipment_id, partner_id, assigned_at, completed_at) VALUES ('46', '33', '15', '2024-09-21 05:49:37', '2024-08-08 11:51:22');
INSERT INTO delivery_assignments (id, shipment_id, partner_id, assigned_at, completed_at) VALUES ('47', '100', '1', '2024-07-24 00:58:20', '2025-03-05 21:32:56');
INSERT INTO delivery_assignments (id, shipment_id, partner_id, assigned_at, completed_at) VALUES ('48', '116', '12', '2024-07-04 07:59:27', '2025-05-13 07:59:07');
INSERT INTO delivery_assignments (id, shipment_id, partner_id, assigned_at, completed_at) VALUES ('49', '9', '1', '2025-06-18 18:23:41', '2025-02-09 14:07:05');
INSERT INTO delivery_assignments (id, shipment_id, partner_id, assigned_at, completed_at) VALUES ('50', '224', '13', '2024-11-21 22:37:26', '2024-09-01 21:49:52');
INSERT INTO delivery_assignments (id, shipment_id, partner_id, assigned_at, completed_at) VALUES ('51', '155', '13', '2024-10-28 20:24:22', '2024-11-16 14:11:52');
INSERT INTO delivery_assignments (id, shipment_id, partner_id, assigned_at, completed_at) VALUES ('52', '216', '13', '2024-09-21 07:12:14', '2024-11-09 23:39:26');
INSERT INTO delivery_assignments (id, shipment_id, partner_id, assigned_at, completed_at) VALUES ('53', '42', '3', '2025-04-19 00:55:30', '2025-05-21 20:11:08');
INSERT INTO delivery_assignments (id, shipment_id, partner_id, assigned_at, completed_at) VALUES ('54', '73', '2', '2025-04-22 14:28:38', '2024-09-09 07:24:54');
INSERT INTO delivery_assignments (id, shipment_id, partner_id, assigned_at, completed_at) VALUES ('55', '61', '3', '2024-10-05 20:36:44', '2025-01-03 04:41:00');
INSERT INTO delivery_assignments (id, shipment_id, partner_id, assigned_at, completed_at) VALUES ('56', '288', '8', '2024-11-24 01:56:40', '2024-12-05 20:28:59');
INSERT INTO delivery_assignments (id, shipment_id, partner_id, assigned_at, completed_at) VALUES ('57', '201', '13', '2025-05-03 05:46:19', '2025-05-19 15:42:24');
INSERT INTO delivery_assignments (id, shipment_id, partner_id, assigned_at, completed_at) VALUES ('58', '268', '5', '2024-12-16 12:08:41', '2024-07-20 23:17:55');
INSERT INTO delivery_assignments (id, shipment_id, partner_id, assigned_at, completed_at) VALUES ('59', '204', '1', '2025-04-07 16:41:46', '2025-01-23 03:37:29');
INSERT INTO delivery_assignments (id, shipment_id, partner_id, assigned_at, completed_at) VALUES ('60', '51', '4', '2025-04-11 18:21:56', '2025-02-14 15:35:45');
INSERT INTO delivery_assignments (id, shipment_id, partner_id, assigned_at, completed_at) VALUES ('61', '157', '3', '2024-10-12 08:45:41', '2025-05-12 21:51:26');
INSERT INTO delivery_assignments (id, shipment_id, partner_id, assigned_at, completed_at) VALUES ('62', '142', '11', '2024-12-21 20:24:39', '2025-06-13 14:18:51');
INSERT INTO delivery_assignments (id, shipment_id, partner_id, assigned_at, completed_at) VALUES ('63', '183', '7', '2025-06-04 20:58:30', '2024-12-22 00:18:20');
INSERT INTO delivery_assignments (id, shipment_id, partner_id, assigned_at, completed_at) VALUES ('64', '271', '11', '2025-05-31 20:04:12', '2024-10-15 15:55:11');
INSERT INTO delivery_assignments (id, shipment_id, partner_id, assigned_at, completed_at) VALUES ('65', '195', '12', '2024-09-27 02:24:11', '2024-09-03 11:51:41');
INSERT INTO delivery_assignments (id, shipment_id, partner_id, assigned_at, completed_at) VALUES ('66', '114', '7', '2025-06-25 21:10:05', '2024-07-06 17:33:00');
INSERT INTO delivery_assignments (id, shipment_id, partner_id, assigned_at, completed_at) VALUES ('67', '150', '5', '2025-04-24 21:41:57', '2024-09-03 16:20:54');
INSERT INTO delivery_assignments (id, shipment_id, partner_id, assigned_at, completed_at) VALUES ('68', '266', '13', '2025-01-15 14:01:12', '2025-03-03 19:41:29');
INSERT INTO delivery_assignments (id, shipment_id, partner_id, assigned_at, completed_at) VALUES ('69', '17', '5', '2025-05-07 09:43:23', '2024-07-04 09:24:40');
INSERT INTO delivery_assignments (id, shipment_id, partner_id, assigned_at, completed_at) VALUES ('70', '91', '8', '2024-11-22 21:10:19', '2025-02-01 07:58:08');
INSERT INTO delivery_assignments (id, shipment_id, partner_id, assigned_at, completed_at) VALUES ('71', '273', '6', '2025-04-01 08:45:43', '2025-02-09 14:40:16');
INSERT INTO delivery_assignments (id, shipment_id, partner_id, assigned_at, completed_at) VALUES ('72', '52', '3', '2024-10-07 15:55:12', '2025-04-20 11:38:47');
INSERT INTO delivery_assignments (id, shipment_id, partner_id, assigned_at, completed_at) VALUES ('73', '106', '1', '2024-11-20 03:02:01', '2025-03-28 23:12:39');
INSERT INTO delivery_assignments (id, shipment_id, partner_id, assigned_at, completed_at) VALUES ('74', '202', '12', '2025-01-05 08:48:46', '2025-03-06 02:05:15');
INSERT INTO delivery_assignments (id, shipment_id, partner_id, assigned_at, completed_at) VALUES ('75', '144', '1', '2024-10-13 05:40:34', '2024-11-27 00:38:27');
INSERT INTO delivery_assignments (id, shipment_id, partner_id, assigned_at, completed_at) VALUES ('76', '49', '8', '2025-04-03 07:13:25', '2025-06-29 04:48:54');
INSERT INTO delivery_assignments (id, shipment_id, partner_id, assigned_at, completed_at) VALUES ('77', '288', '7', '2025-02-04 01:07:34', '2025-04-11 16:14:56');
INSERT INTO delivery_assignments (id, shipment_id, partner_id, assigned_at, completed_at) VALUES ('78', '285', '11', '2024-07-08 07:01:16', '2024-07-27 07:08:23');
INSERT INTO delivery_assignments (id, shipment_id, partner_id, assigned_at, completed_at) VALUES ('79', '147', '3', '2025-05-02 08:30:49', '2024-09-27 06:54:56');
INSERT INTO delivery_assignments (id, shipment_id, partner_id, assigned_at, completed_at) VALUES ('80', '231', '4', '2025-05-27 09:58:13', '2025-05-29 15:50:00');
INSERT INTO delivery_assignments (id, shipment_id, partner_id, assigned_at, completed_at) VALUES ('81', '34', '2', '2024-11-02 07:30:13', '2024-08-04 21:15:33');
INSERT INTO delivery_assignments (id, shipment_id, partner_id, assigned_at, completed_at) VALUES ('82', '229', '15', '2025-01-18 22:21:46', '2025-06-18 01:00:33');
INSERT INTO delivery_assignments (id, shipment_id, partner_id, assigned_at, completed_at) VALUES ('83', '80', '11', '2025-03-17 00:25:38', '2024-08-06 02:09:38');
INSERT INTO delivery_assignments (id, shipment_id, partner_id, assigned_at, completed_at) VALUES ('84', '78', '7', '2025-06-09 02:04:32', '2024-12-27 19:57:20');
INSERT INTO delivery_assignments (id, shipment_id, partner_id, assigned_at, completed_at) VALUES ('85', '102', '11', '2024-11-23 00:18:01', '2024-11-01 23:22:34');
INSERT INTO delivery_assignments (id, shipment_id, partner_id, assigned_at, completed_at) VALUES ('86', '65', '5', '2025-01-03 22:34:27', '2025-01-28 13:54:00');
INSERT INTO delivery_assignments (id, shipment_id, partner_id, assigned_at, completed_at) VALUES ('87', '28', '5', '2024-11-28 17:17:00', '2025-04-05 16:39:01');
INSERT INTO delivery_assignments (id, shipment_id, partner_id, assigned_at, completed_at) VALUES ('88', '26', '2', '2025-06-14 23:19:38', '2025-01-10 17:51:35');
INSERT INTO delivery_assignments (id, shipment_id, partner_id, assigned_at, completed_at) VALUES ('89', '249', '11', '2024-09-25 07:07:13', '2025-02-24 11:13:59');
INSERT INTO delivery_assignments (id, shipment_id, partner_id, assigned_at, completed_at) VALUES ('90', '236', '8', '2024-08-20 19:51:04', '2025-01-27 08:13:56');
INSERT INTO delivery_assignments (id, shipment_id, partner_id, assigned_at, completed_at) VALUES ('91', '297', '14', '2024-11-27 09:11:37', '2024-08-08 14:18:54');
INSERT INTO delivery_assignments (id, shipment_id, partner_id, assigned_at, completed_at) VALUES ('92', '175', '14', '2024-08-12 21:02:48', '2024-07-22 15:33:25');
INSERT INTO delivery_assignments (id, shipment_id, partner_id, assigned_at, completed_at) VALUES ('93', '73', '14', '2024-09-10 01:57:33', '2024-10-14 12:15:38');
INSERT INTO delivery_assignments (id, shipment_id, partner_id, assigned_at, completed_at) VALUES ('94', '234', '1', '2025-04-03 01:25:45', '2025-01-31 10:09:03');
INSERT INTO delivery_assignments (id, shipment_id, partner_id, assigned_at, completed_at) VALUES ('95', '43', '10', '2024-09-13 03:05:43', '2024-09-30 00:56:52');
INSERT INTO delivery_assignments (id, shipment_id, partner_id, assigned_at, completed_at) VALUES ('96', '278', '11', '2024-10-08 23:44:23', '2024-07-09 22:07:44');
INSERT INTO delivery_assignments (id, shipment_id, partner_id, assigned_at, completed_at) VALUES ('97', '37', '2', '2024-12-04 15:47:11', '2025-04-14 16:17:47');
INSERT INTO delivery_assignments (id, shipment_id, partner_id, assigned_at, completed_at) VALUES ('98', '221', '3', '2025-02-10 00:52:03', '2024-10-18 06:15:47');
INSERT INTO delivery_assignments (id, shipment_id, partner_id, assigned_at, completed_at) VALUES ('99', '72', '11', '2025-06-05 23:22:20', '2025-05-02 01:37:11');
INSERT INTO delivery_assignments (id, shipment_id, partner_id, assigned_at, completed_at) VALUES ('100', '179', '10', '2025-02-28 01:14:39', '2025-01-11 16:16:16');
INSERT INTO delivery_assignments (id, shipment_id, partner_id, assigned_at, completed_at) VALUES ('101', '19', '14', '2025-06-07 07:57:18', '2025-02-21 23:25:45');
INSERT INTO delivery_assignments (id, shipment_id, partner_id, assigned_at, completed_at) VALUES ('102', '112', '9', '2025-01-18 10:03:56', '2024-07-18 12:34:22');
INSERT INTO delivery_assignments (id, shipment_id, partner_id, assigned_at, completed_at) VALUES ('103', '170', '1', '2024-09-02 06:57:37', '2024-07-19 00:08:19');
INSERT INTO delivery_assignments (id, shipment_id, partner_id, assigned_at, completed_at) VALUES ('104', '290', '8', '2024-11-07 10:07:11', '2024-12-28 19:31:22');
INSERT INTO delivery_assignments (id, shipment_id, partner_id, assigned_at, completed_at) VALUES ('105', '44', '15', '2024-07-15 16:43:03', '2024-12-10 02:49:37');
INSERT INTO delivery_assignments (id, shipment_id, partner_id, assigned_at, completed_at) VALUES ('106', '148', '2', '2025-05-18 23:30:05', '2024-12-23 17:42:58');
INSERT INTO delivery_assignments (id, shipment_id, partner_id, assigned_at, completed_at) VALUES ('107', '130', '3', '2025-04-24 04:08:39', '2025-05-23 12:54:28');
INSERT INTO delivery_assignments (id, shipment_id, partner_id, assigned_at, completed_at) VALUES ('108', '215', '7', '2024-11-14 00:37:49', '2024-12-22 16:52:04');
INSERT INTO delivery_assignments (id, shipment_id, partner_id, assigned_at, completed_at) VALUES ('109', '150', '13', '2025-05-18 22:26:41', '2025-03-31 12:28:13');
INSERT INTO delivery_assignments (id, shipment_id, partner_id, assigned_at, completed_at) VALUES ('110', '15', '15', '2024-10-18 04:31:22', '2025-02-10 23:53:29');
INSERT INTO delivery_assignments (id, shipment_id, partner_id, assigned_at, completed_at) VALUES ('111', '7', '12', '2025-03-03 00:01:32', '2024-07-22 20:23:39');
INSERT INTO delivery_assignments (id, shipment_id, partner_id, assigned_at, completed_at) VALUES ('112', '139', '2', '2024-10-10 00:19:34', '2024-09-05 22:30:56');
INSERT INTO delivery_assignments (id, shipment_id, partner_id, assigned_at, completed_at) VALUES ('113', '13', '12', '2025-05-14 18:35:42', '2025-05-04 22:26:46');
INSERT INTO delivery_assignments (id, shipment_id, partner_id, assigned_at, completed_at) VALUES ('114', '238', '1', '2025-04-28 05:20:35', '2025-03-13 20:28:08');
INSERT INTO delivery_assignments (id, shipment_id, partner_id, assigned_at, completed_at) VALUES ('115', '212', '6', '2025-03-19 07:57:19', '2024-10-23 16:09:24');
INSERT INTO delivery_assignments (id, shipment_id, partner_id, assigned_at, completed_at) VALUES ('116', '195', '9', '2025-01-17 10:27:35', '2024-12-14 08:43:21');
INSERT INTO delivery_assignments (id, shipment_id, partner_id, assigned_at, completed_at) VALUES ('117', '41', '11', '2024-12-11 00:38:06', '2024-09-20 13:16:01');
INSERT INTO delivery_assignments (id, shipment_id, partner_id, assigned_at, completed_at) VALUES ('118', '99', '9', '2024-07-11 02:25:10', '2025-05-27 10:12:02');
INSERT INTO delivery_assignments (id, shipment_id, partner_id, assigned_at, completed_at) VALUES ('119', '34', '13', '2024-08-19 23:57:04', '2024-09-26 09:14:23');
INSERT INTO delivery_assignments (id, shipment_id, partner_id, assigned_at, completed_at) VALUES ('120', '121', '10', '2025-05-24 13:26:00', '2025-02-20 23:37:04');
INSERT INTO delivery_assignments (id, shipment_id, partner_id, assigned_at, completed_at) VALUES ('121', '154', '4', '2024-11-01 09:18:43', '2024-12-12 16:31:32');
INSERT INTO delivery_assignments (id, shipment_id, partner_id, assigned_at, completed_at) VALUES ('122', '285', '1', '2024-07-23 11:47:00', '2025-05-01 05:23:59');
INSERT INTO delivery_assignments (id, shipment_id, partner_id, assigned_at, completed_at) VALUES ('123', '195', '13', '2025-06-30 14:03:33', '2025-03-24 04:23:23');
INSERT INTO delivery_assignments (id, shipment_id, partner_id, assigned_at, completed_at) VALUES ('124', '280', '10', '2024-09-04 00:04:28', '2025-03-17 02:16:43');
INSERT INTO delivery_assignments (id, shipment_id, partner_id, assigned_at, completed_at) VALUES ('125', '143', '2', '2025-02-05 06:03:34', '2025-03-25 21:53:18');
INSERT INTO delivery_assignments (id, shipment_id, partner_id, assigned_at, completed_at) VALUES ('126', '285', '10', '2024-11-12 03:22:40', '2024-08-27 20:29:37');
INSERT INTO delivery_assignments (id, shipment_id, partner_id, assigned_at, completed_at) VALUES ('127', '4', '2', '2024-10-27 02:07:38', '2024-11-07 15:47:58');
INSERT INTO delivery_assignments (id, shipment_id, partner_id, assigned_at, completed_at) VALUES ('128', '12', '15', '2024-10-07 18:17:35', '2025-03-24 17:43:07');
INSERT INTO delivery_assignments (id, shipment_id, partner_id, assigned_at, completed_at) VALUES ('129', '139', '15', '2024-12-01 21:49:52', '2024-11-15 14:41:29');
INSERT INTO delivery_assignments (id, shipment_id, partner_id, assigned_at, completed_at) VALUES ('130', '70', '2', '2025-06-10 20:27:27', '2025-06-27 01:43:45');
INSERT INTO delivery_assignments (id, shipment_id, partner_id, assigned_at, completed_at) VALUES ('131', '212', '14', '2024-08-16 10:53:38', '2025-04-01 18:19:22');
INSERT INTO delivery_assignments (id, shipment_id, partner_id, assigned_at, completed_at) VALUES ('132', '255', '6', '2024-11-10 11:37:02', '2025-04-27 03:09:16');
INSERT INTO delivery_assignments (id, shipment_id, partner_id, assigned_at, completed_at) VALUES ('133', '64', '9', '2024-10-24 10:19:20', '2025-01-01 03:54:32');
INSERT INTO delivery_assignments (id, shipment_id, partner_id, assigned_at, completed_at) VALUES ('134', '185', '8', '2024-10-16 06:37:09', '2025-01-08 09:09:42');
INSERT INTO delivery_assignments (id, shipment_id, partner_id, assigned_at, completed_at) VALUES ('135', '191', '8', '2025-06-10 20:07:56', '2024-09-28 03:01:51');
INSERT INTO delivery_assignments (id, shipment_id, partner_id, assigned_at, completed_at) VALUES ('136', '217', '11', '2025-01-31 12:33:03', '2024-11-05 20:40:35');
INSERT INTO delivery_assignments (id, shipment_id, partner_id, assigned_at, completed_at) VALUES ('137', '12', '10', '2025-06-12 23:54:51', '2024-08-19 19:54:27');
INSERT INTO delivery_assignments (id, shipment_id, partner_id, assigned_at, completed_at) VALUES ('138', '291', '10', '2025-03-07 14:15:31', '2025-04-28 22:47:54');
INSERT INTO delivery_assignments (id, shipment_id, partner_id, assigned_at, completed_at) VALUES ('139', '149', '5', '2024-10-24 17:00:07', '2024-08-23 15:23:18');
INSERT INTO delivery_assignments (id, shipment_id, partner_id, assigned_at, completed_at) VALUES ('140', '116', '13', '2025-06-14 20:10:00', '2025-03-06 09:21:27');
INSERT INTO delivery_assignments (id, shipment_id, partner_id, assigned_at, completed_at) VALUES ('141', '95', '12', '2025-01-16 01:44:14', '2025-01-09 15:20:56');
INSERT INTO delivery_assignments (id, shipment_id, partner_id, assigned_at, completed_at) VALUES ('142', '41', '9', '2025-02-12 16:20:22', '2025-05-12 04:38:35');
INSERT INTO delivery_assignments (id, shipment_id, partner_id, assigned_at, completed_at) VALUES ('143', '193', '7', '2025-02-15 06:48:39', '2024-08-27 02:29:38');
INSERT INTO delivery_assignments (id, shipment_id, partner_id, assigned_at, completed_at) VALUES ('144', '252', '11', '2024-12-30 02:12:01', '2024-07-28 21:39:01');
INSERT INTO delivery_assignments (id, shipment_id, partner_id, assigned_at, completed_at) VALUES ('145', '300', '2', '2024-08-07 07:19:40', '2025-01-31 07:25:04');
INSERT INTO delivery_assignments (id, shipment_id, partner_id, assigned_at, completed_at) VALUES ('146', '70', '10', '2024-11-04 16:50:41', '2024-12-11 16:47:08');
INSERT INTO delivery_assignments (id, shipment_id, partner_id, assigned_at, completed_at) VALUES ('147', '278', '2', '2024-07-28 02:55:35', '2024-09-26 00:53:51');
INSERT INTO delivery_assignments (id, shipment_id, partner_id, assigned_at, completed_at) VALUES ('148', '241', '8', '2025-03-08 04:19:13', '2024-12-04 21:52:10');
INSERT INTO delivery_assignments (id, shipment_id, partner_id, assigned_at, completed_at) VALUES ('149', '6', '8', '2025-06-22 23:53:16', '2025-03-02 05:54:36');
INSERT INTO delivery_assignments (id, shipment_id, partner_id, assigned_at, completed_at) VALUES ('150', '290', '3', '2025-06-08 10:49:22', '2024-12-05 06:56:46');
INSERT INTO delivery_assignments (id, shipment_id, partner_id, assigned_at, completed_at) VALUES ('151', '149', '1', '2024-10-16 01:23:58', '2024-09-01 20:51:54');
INSERT INTO delivery_assignments (id, shipment_id, partner_id, assigned_at, completed_at) VALUES ('152', '56', '6', '2025-03-15 07:44:21', '2025-03-13 08:02:14');
INSERT INTO delivery_assignments (id, shipment_id, partner_id, assigned_at, completed_at) VALUES ('153', '181', '2', '2024-12-04 15:33:03', '2025-02-02 06:19:18');
INSERT INTO delivery_assignments (id, shipment_id, partner_id, assigned_at, completed_at) VALUES ('154', '224', '8', '2024-11-22 13:04:46', '2024-08-04 03:24:08');
INSERT INTO delivery_assignments (id, shipment_id, partner_id, assigned_at, completed_at) VALUES ('155', '129', '13', '2025-05-24 04:43:08', '2025-05-10 18:41:51');
INSERT INTO delivery_assignments (id, shipment_id, partner_id, assigned_at, completed_at) VALUES ('156', '238', '7', '2025-04-17 07:51:15', '2025-04-27 05:34:32');
INSERT INTO delivery_assignments (id, shipment_id, partner_id, assigned_at, completed_at) VALUES ('157', '170', '15', '2025-05-06 18:09:12', '2024-11-12 13:05:31');
INSERT INTO delivery_assignments (id, shipment_id, partner_id, assigned_at, completed_at) VALUES ('158', '133', '3', '2024-08-22 19:34:20', '2024-08-24 10:08:40');
INSERT INTO delivery_assignments (id, shipment_id, partner_id, assigned_at, completed_at) VALUES ('159', '116', '5', '2024-07-05 03:20:36', '2025-05-14 00:35:59');
INSERT INTO delivery_assignments (id, shipment_id, partner_id, assigned_at, completed_at) VALUES ('160', '146', '15', '2024-10-02 01:52:44', '2024-07-25 09:54:59');
INSERT INTO delivery_assignments (id, shipment_id, partner_id, assigned_at, completed_at) VALUES ('161', '34', '10', '2025-05-27 20:18:11', '2024-10-01 16:34:04');
INSERT INTO delivery_assignments (id, shipment_id, partner_id, assigned_at, completed_at) VALUES ('162', '4', '4', '2025-02-16 23:55:00', '2025-03-31 05:18:40');
INSERT INTO delivery_assignments (id, shipment_id, partner_id, assigned_at, completed_at) VALUES ('163', '262', '11', '2024-08-16 12:36:54', '2024-12-25 13:43:31');
INSERT INTO delivery_assignments (id, shipment_id, partner_id, assigned_at, completed_at) VALUES ('164', '228', '3', '2025-02-02 07:48:38', '2024-08-05 23:08:00');
INSERT INTO delivery_assignments (id, shipment_id, partner_id, assigned_at, completed_at) VALUES ('165', '300', '1', '2024-08-19 17:11:44', '2025-05-11 04:19:57');
INSERT INTO delivery_assignments (id, shipment_id, partner_id, assigned_at, completed_at) VALUES ('166', '9', '15', '2025-01-18 05:25:45', '2024-08-27 13:58:38');
INSERT INTO delivery_assignments (id, shipment_id, partner_id, assigned_at, completed_at) VALUES ('167', '92', '7', '2024-10-07 02:23:03', '2024-12-17 09:56:58');
INSERT INTO delivery_assignments (id, shipment_id, partner_id, assigned_at, completed_at) VALUES ('168', '165', '13', '2024-08-14 14:54:17', '2025-03-17 10:04:31');
INSERT INTO delivery_assignments (id, shipment_id, partner_id, assigned_at, completed_at) VALUES ('169', '213', '11', '2025-04-06 05:34:00', '2025-04-15 19:04:50');
INSERT INTO delivery_assignments (id, shipment_id, partner_id, assigned_at, completed_at) VALUES ('170', '90', '5', '2025-05-05 13:34:08', '2024-10-29 10:16:26');
INSERT INTO delivery_assignments (id, shipment_id, partner_id, assigned_at, completed_at) VALUES ('171', '278', '10', '2025-05-24 22:21:41', '2024-12-12 11:18:07');
INSERT INTO delivery_assignments (id, shipment_id, partner_id, assigned_at, completed_at) VALUES ('172', '287', '15', '2025-01-06 21:49:27', '2024-11-09 00:06:36');
INSERT INTO delivery_assignments (id, shipment_id, partner_id, assigned_at, completed_at) VALUES ('173', '141', '1', '2025-03-18 23:31:31', '2024-11-28 03:03:04');
INSERT INTO delivery_assignments (id, shipment_id, partner_id, assigned_at, completed_at) VALUES ('174', '123', '7', '2024-08-12 09:46:47', '2025-06-30 05:19:42');
INSERT INTO delivery_assignments (id, shipment_id, partner_id, assigned_at, completed_at) VALUES ('175', '28', '13', '2024-07-21 21:52:44', '2024-09-01 20:59:13');
INSERT INTO delivery_assignments (id, shipment_id, partner_id, assigned_at, completed_at) VALUES ('176', '282', '6', '2025-02-09 12:07:21', '2024-11-05 23:51:58');
INSERT INTO delivery_assignments (id, shipment_id, partner_id, assigned_at, completed_at) VALUES ('177', '270', '12', '2024-08-03 11:44:15', '2025-04-30 10:23:14');
INSERT INTO delivery_assignments (id, shipment_id, partner_id, assigned_at, completed_at) VALUES ('178', '158', '9', '2024-09-05 02:15:23', '2024-12-07 05:20:39');
INSERT INTO delivery_assignments (id, shipment_id, partner_id, assigned_at, completed_at) VALUES ('179', '196', '2', '2025-03-14 07:18:06', '2024-07-17 08:12:38');
INSERT INTO delivery_assignments (id, shipment_id, partner_id, assigned_at, completed_at) VALUES ('180', '255', '13', '2024-08-25 02:05:52', '2025-01-14 17:00:21');
INSERT INTO delivery_assignments (id, shipment_id, partner_id, assigned_at, completed_at) VALUES ('181', '109', '13', '2025-04-15 18:42:17', '2024-12-22 00:50:00');
INSERT INTO delivery_assignments (id, shipment_id, partner_id, assigned_at, completed_at) VALUES ('182', '283', '4', '2025-01-07 00:34:09', '2024-10-24 14:11:59');
INSERT INTO delivery_assignments (id, shipment_id, partner_id, assigned_at, completed_at) VALUES ('183', '120', '3', '2024-09-18 21:52:27', '2024-12-23 05:26:44');
INSERT INTO delivery_assignments (id, shipment_id, partner_id, assigned_at, completed_at) VALUES ('184', '224', '12', '2025-02-01 13:59:10', '2025-05-28 09:01:14');
INSERT INTO delivery_assignments (id, shipment_id, partner_id, assigned_at, completed_at) VALUES ('185', '54', '11', '2025-01-10 01:49:13', '2025-05-16 03:09:00');
INSERT INTO delivery_assignments (id, shipment_id, partner_id, assigned_at, completed_at) VALUES ('186', '66', '2', '2024-10-02 15:09:49', '2024-11-27 13:29:05');
INSERT INTO delivery_assignments (id, shipment_id, partner_id, assigned_at, completed_at) VALUES ('187', '131', '4', '2024-07-08 00:43:03', '2024-11-09 19:32:18');
INSERT INTO delivery_assignments (id, shipment_id, partner_id, assigned_at, completed_at) VALUES ('188', '295', '11', '2025-03-31 10:31:51', '2024-10-29 22:09:06');
INSERT INTO delivery_assignments (id, shipment_id, partner_id, assigned_at, completed_at) VALUES ('189', '140', '10', '2024-08-07 19:56:43', '2025-03-28 14:29:18');
INSERT INTO delivery_assignments (id, shipment_id, partner_id, assigned_at, completed_at) VALUES ('190', '286', '4', '2024-10-21 13:59:35', '2025-06-05 20:40:36');
INSERT INTO delivery_assignments (id, shipment_id, partner_id, assigned_at, completed_at) VALUES ('191', '237', '11', '2025-01-04 08:29:12', '2024-11-29 21:04:05');
INSERT INTO delivery_assignments (id, shipment_id, partner_id, assigned_at, completed_at) VALUES ('192', '76', '15', '2024-12-03 10:30:56', '2024-12-10 02:44:51');
INSERT INTO delivery_assignments (id, shipment_id, partner_id, assigned_at, completed_at) VALUES ('193', '44', '1', '2024-11-02 09:07:50', '2024-09-21 03:23:34');
INSERT INTO delivery_assignments (id, shipment_id, partner_id, assigned_at, completed_at) VALUES ('194', '56', '8', '2024-08-08 02:38:38', '2024-08-12 09:33:44');
INSERT INTO delivery_assignments (id, shipment_id, partner_id, assigned_at, completed_at) VALUES ('195', '81', '5', '2024-10-29 01:52:39', '2025-03-13 09:06:31');
INSERT INTO delivery_assignments (id, shipment_id, partner_id, assigned_at, completed_at) VALUES ('196', '170', '12', '2025-06-16 12:05:33', '2024-08-02 07:54:42');
INSERT INTO delivery_assignments (id, shipment_id, partner_id, assigned_at, completed_at) VALUES ('197', '224', '4', '2025-01-18 21:39:06', '2025-02-07 23:23:00');
INSERT INTO delivery_assignments (id, shipment_id, partner_id, assigned_at, completed_at) VALUES ('198', '50', '4', '2024-11-03 04:13:31', '2025-04-21 17:31:08');
INSERT INTO delivery_assignments (id, shipment_id, partner_id, assigned_at, completed_at) VALUES ('199', '104', '5', '2025-02-09 05:38:48', '2024-07-09 13:08:50');
INSERT INTO delivery_assignments (id, shipment_id, partner_id, assigned_at, completed_at) VALUES ('200', '249', '1', '2025-04-19 15:54:33', '2024-10-11 12:47:07');
INSERT INTO delivery_assignments (id, shipment_id, partner_id, assigned_at, completed_at) VALUES ('201', '47', '13', '2024-11-14 23:01:36', '2025-04-18 21:50:37');
INSERT INTO delivery_assignments (id, shipment_id, partner_id, assigned_at, completed_at) VALUES ('202', '156', '1', '2024-10-29 05:21:55', '2025-01-21 04:24:01');
INSERT INTO delivery_assignments (id, shipment_id, partner_id, assigned_at, completed_at) VALUES ('203', '122', '3', '2024-12-10 15:02:53', '2025-03-15 13:12:28');
INSERT INTO delivery_assignments (id, shipment_id, partner_id, assigned_at, completed_at) VALUES ('204', '137', '4', '2025-05-25 23:15:20', '2024-12-09 07:06:12');
INSERT INTO delivery_assignments (id, shipment_id, partner_id, assigned_at, completed_at) VALUES ('205', '152', '11', '2025-04-14 19:46:16', '2025-03-31 03:16:00');
INSERT INTO delivery_assignments (id, shipment_id, partner_id, assigned_at, completed_at) VALUES ('206', '21', '8', '2025-02-13 07:10:39', '2024-12-17 16:31:56');
INSERT INTO delivery_assignments (id, shipment_id, partner_id, assigned_at, completed_at) VALUES ('207', '233', '9', '2024-08-07 12:16:35', '2025-05-30 07:16:34');
INSERT INTO delivery_assignments (id, shipment_id, partner_id, assigned_at, completed_at) VALUES ('208', '285', '12', '2024-10-28 21:16:26', '2025-06-24 19:34:50');
INSERT INTO delivery_assignments (id, shipment_id, partner_id, assigned_at, completed_at) VALUES ('209', '255', '2', '2025-04-13 17:15:41', '2025-03-12 03:14:45');
INSERT INTO delivery_assignments (id, shipment_id, partner_id, assigned_at, completed_at) VALUES ('210', '164', '3', '2025-04-19 05:57:18', '2024-09-07 15:49:11');
INSERT INTO delivery_assignments (id, shipment_id, partner_id, assigned_at, completed_at) VALUES ('211', '160', '12', '2024-08-19 20:35:05', '2025-01-19 14:57:30');
INSERT INTO delivery_assignments (id, shipment_id, partner_id, assigned_at, completed_at) VALUES ('212', '232', '5', '2025-04-19 00:12:10', '2025-03-20 03:11:47');
INSERT INTO delivery_assignments (id, shipment_id, partner_id, assigned_at, completed_at) VALUES ('213', '293', '14', '2024-11-09 01:00:40', '2025-04-26 18:40:35');
INSERT INTO delivery_assignments (id, shipment_id, partner_id, assigned_at, completed_at) VALUES ('214', '57', '15', '2024-07-03 10:28:27', '2025-04-17 11:53:18');
INSERT INTO delivery_assignments (id, shipment_id, partner_id, assigned_at, completed_at) VALUES ('215', '284', '1', '2024-10-15 21:13:59', '2025-05-21 22:00:46');
INSERT INTO delivery_assignments (id, shipment_id, partner_id, assigned_at, completed_at) VALUES ('216', '4', '11', '2025-01-23 08:52:56', '2024-10-26 09:32:09');
INSERT INTO delivery_assignments (id, shipment_id, partner_id, assigned_at, completed_at) VALUES ('217', '285', '6', '2025-06-01 13:37:49', '2025-01-26 16:35:14');
INSERT INTO delivery_assignments (id, shipment_id, partner_id, assigned_at, completed_at) VALUES ('218', '51', '1', '2024-10-15 10:21:58', '2024-12-09 17:55:47');
INSERT INTO delivery_assignments (id, shipment_id, partner_id, assigned_at, completed_at) VALUES ('219', '109', '13', '2025-02-06 05:56:54', '2025-03-19 16:42:27');
INSERT INTO delivery_assignments (id, shipment_id, partner_id, assigned_at, completed_at) VALUES ('220', '233', '3', '2025-01-04 21:09:33', '2024-09-30 14:25:57');
INSERT INTO delivery_assignments (id, shipment_id, partner_id, assigned_at, completed_at) VALUES ('221', '58', '10', '2024-08-13 20:49:21', '2025-02-08 03:50:49');
INSERT INTO delivery_assignments (id, shipment_id, partner_id, assigned_at, completed_at) VALUES ('222', '290', '3', '2024-11-12 22:13:16', '2024-10-02 19:47:51');
INSERT INTO delivery_assignments (id, shipment_id, partner_id, assigned_at, completed_at) VALUES ('223', '133', '6', '2025-02-18 20:05:16', '2025-03-23 16:57:28');
INSERT INTO delivery_assignments (id, shipment_id, partner_id, assigned_at, completed_at) VALUES ('224', '49', '3', '2024-11-11 10:10:27', '2025-04-27 14:53:52');
INSERT INTO delivery_assignments (id, shipment_id, partner_id, assigned_at, completed_at) VALUES ('225', '47', '8', '2025-03-16 05:02:45', '2025-01-13 21:06:12');
INSERT INTO delivery_assignments (id, shipment_id, partner_id, assigned_at, completed_at) VALUES ('226', '145', '8', '2024-09-15 05:15:54', '2025-02-17 21:06:26');
INSERT INTO delivery_assignments (id, shipment_id, partner_id, assigned_at, completed_at) VALUES ('227', '142', '11', '2025-03-30 13:31:33', '2025-05-17 17:31:16');
INSERT INTO delivery_assignments (id, shipment_id, partner_id, assigned_at, completed_at) VALUES ('228', '254', '13', '2025-04-12 10:52:26', '2024-08-18 14:01:54');
INSERT INTO delivery_assignments (id, shipment_id, partner_id, assigned_at, completed_at) VALUES ('229', '224', '12', '2025-05-28 13:34:08', '2025-03-10 18:01:48');
INSERT INTO delivery_assignments (id, shipment_id, partner_id, assigned_at, completed_at) VALUES ('230', '214', '14', '2025-05-11 01:54:11', '2024-08-02 03:03:40');
INSERT INTO delivery_assignments (id, shipment_id, partner_id, assigned_at, completed_at) VALUES ('231', '19', '13', '2024-08-29 15:24:24', '2024-12-12 09:57:36');
INSERT INTO delivery_assignments (id, shipment_id, partner_id, assigned_at, completed_at) VALUES ('232', '276', '2', '2024-10-15 17:55:10', '2025-04-24 16:18:18');
INSERT INTO delivery_assignments (id, shipment_id, partner_id, assigned_at, completed_at) VALUES ('233', '279', '2', '2025-05-27 02:02:21', '2024-07-06 13:53:32');
INSERT INTO delivery_assignments (id, shipment_id, partner_id, assigned_at, completed_at) VALUES ('234', '76', '14', '2025-04-26 15:32:10', '2025-05-05 07:18:01');
INSERT INTO delivery_assignments (id, shipment_id, partner_id, assigned_at, completed_at) VALUES ('235', '55', '1', '2024-12-15 08:25:29', '2025-06-12 23:31:50');
INSERT INTO delivery_assignments (id, shipment_id, partner_id, assigned_at, completed_at) VALUES ('236', '93', '4', '2024-08-26 16:12:42', '2024-10-09 08:13:02');
INSERT INTO delivery_assignments (id, shipment_id, partner_id, assigned_at, completed_at) VALUES ('237', '281', '5', '2025-03-15 06:07:29', '2025-02-02 06:36:47');
INSERT INTO delivery_assignments (id, shipment_id, partner_id, assigned_at, completed_at) VALUES ('238', '64', '12', '2024-11-24 01:31:22', '2025-02-06 22:18:56');
INSERT INTO delivery_assignments (id, shipment_id, partner_id, assigned_at, completed_at) VALUES ('239', '232', '4', '2024-12-22 20:17:44', '2024-12-11 06:23:25');
INSERT INTO delivery_assignments (id, shipment_id, partner_id, assigned_at, completed_at) VALUES ('240', '156', '12', '2024-11-29 10:27:10', '2025-04-30 20:46:38');
INSERT INTO delivery_assignments (id, shipment_id, partner_id, assigned_at, completed_at) VALUES ('241', '160', '9', '2025-03-14 17:44:33', '2024-08-17 09:29:02');
INSERT INTO delivery_assignments (id, shipment_id, partner_id, assigned_at, completed_at) VALUES ('242', '125', '4', '2025-02-08 00:31:28', '2024-11-06 23:43:46');
INSERT INTO delivery_assignments (id, shipment_id, partner_id, assigned_at, completed_at) VALUES ('243', '272', '12', '2025-06-04 22:07:13', '2025-03-26 05:42:25');
INSERT INTO delivery_assignments (id, shipment_id, partner_id, assigned_at, completed_at) VALUES ('244', '108', '15', '2025-04-14 13:09:15', '2024-10-20 08:43:09');
INSERT INTO delivery_assignments (id, shipment_id, partner_id, assigned_at, completed_at) VALUES ('245', '49', '1', '2025-04-04 06:37:47', '2025-06-16 08:03:01');
INSERT INTO delivery_assignments (id, shipment_id, partner_id, assigned_at, completed_at) VALUES ('246', '171', '9', '2025-03-22 20:21:19', '2024-10-01 00:48:15');
INSERT INTO delivery_assignments (id, shipment_id, partner_id, assigned_at, completed_at) VALUES ('247', '156', '2', '2024-09-18 19:51:55', '2024-09-08 12:40:31');
INSERT INTO delivery_assignments (id, shipment_id, partner_id, assigned_at, completed_at) VALUES ('248', '140', '11', '2024-11-23 23:07:56', '2025-04-06 19:08:33');
INSERT INTO delivery_assignments (id, shipment_id, partner_id, assigned_at, completed_at) VALUES ('249', '6', '7', '2024-08-11 12:25:14', '2025-04-25 14:58:20');
INSERT INTO delivery_assignments (id, shipment_id, partner_id, assigned_at, completed_at) VALUES ('250', '215', '11', '2025-03-19 02:44:14', '2024-07-22 04:43:46');
INSERT INTO delivery_assignments (id, shipment_id, partner_id, assigned_at, completed_at) VALUES ('251', '158', '8', '2025-02-25 20:22:04', '2025-02-01 04:23:22');
INSERT INTO delivery_assignments (id, shipment_id, partner_id, assigned_at, completed_at) VALUES ('252', '50', '4', '2024-10-02 02:44:39', '2024-11-10 16:38:04');
INSERT INTO delivery_assignments (id, shipment_id, partner_id, assigned_at, completed_at) VALUES ('253', '285', '3', '2024-12-17 06:12:44', '2025-01-05 13:02:05');
INSERT INTO delivery_assignments (id, shipment_id, partner_id, assigned_at, completed_at) VALUES ('254', '193', '15', '2025-02-07 18:48:39', '2024-07-23 09:06:45');
INSERT INTO delivery_assignments (id, shipment_id, partner_id, assigned_at, completed_at) VALUES ('255', '174', '4', '2025-04-02 08:54:56', '2024-08-23 02:49:40');
INSERT INTO delivery_assignments (id, shipment_id, partner_id, assigned_at, completed_at) VALUES ('256', '235', '4', '2025-03-11 01:17:05', '2025-03-19 13:38:57');
INSERT INTO delivery_assignments (id, shipment_id, partner_id, assigned_at, completed_at) VALUES ('257', '107', '6', '2025-02-15 18:32:13', '2025-06-02 01:06:16');
INSERT INTO delivery_assignments (id, shipment_id, partner_id, assigned_at, completed_at) VALUES ('258', '17', '14', '2025-02-11 00:37:43', '2024-09-20 20:37:36');
INSERT INTO delivery_assignments (id, shipment_id, partner_id, assigned_at, completed_at) VALUES ('259', '108', '6', '2025-05-07 02:53:46', '2025-01-17 11:14:27');
INSERT INTO delivery_assignments (id, shipment_id, partner_id, assigned_at, completed_at) VALUES ('260', '150', '11', '2025-05-30 01:44:52', '2024-11-22 19:16:27');
INSERT INTO delivery_assignments (id, shipment_id, partner_id, assigned_at, completed_at) VALUES ('261', '167', '13', '2024-12-31 10:41:00', '2024-11-01 09:11:52');
INSERT INTO delivery_assignments (id, shipment_id, partner_id, assigned_at, completed_at) VALUES ('262', '235', '10', '2025-04-21 03:51:51', '2024-11-04 03:07:55');
INSERT INTO delivery_assignments (id, shipment_id, partner_id, assigned_at, completed_at) VALUES ('263', '63', '11', '2024-10-05 17:00:37', '2024-12-24 13:28:07');
INSERT INTO delivery_assignments (id, shipment_id, partner_id, assigned_at, completed_at) VALUES ('264', '289', '8', '2024-11-11 18:34:45', '2025-04-09 22:08:18');
INSERT INTO delivery_assignments (id, shipment_id, partner_id, assigned_at, completed_at) VALUES ('265', '174', '4', '2024-11-26 18:23:21', '2025-01-15 16:11:07');
INSERT INTO delivery_assignments (id, shipment_id, partner_id, assigned_at, completed_at) VALUES ('266', '262', '13', '2025-05-16 03:20:31', '2025-02-08 19:01:05');
INSERT INTO delivery_assignments (id, shipment_id, partner_id, assigned_at, completed_at) VALUES ('267', '78', '1', '2024-12-23 03:37:27', '2025-03-20 17:38:03');
INSERT INTO delivery_assignments (id, shipment_id, partner_id, assigned_at, completed_at) VALUES ('268', '21', '11', '2024-09-23 20:51:40', '2025-04-18 14:44:16');
INSERT INTO delivery_assignments (id, shipment_id, partner_id, assigned_at, completed_at) VALUES ('269', '94', '15', '2025-03-25 22:51:11', '2025-03-19 14:47:14');
INSERT INTO delivery_assignments (id, shipment_id, partner_id, assigned_at, completed_at) VALUES ('270', '272', '12', '2024-07-15 06:12:53', '2024-12-03 11:46:11');
INSERT INTO delivery_assignments (id, shipment_id, partner_id, assigned_at, completed_at) VALUES ('271', '22', '6', '2024-09-27 19:46:54', '2024-09-25 22:29:30');
INSERT INTO delivery_assignments (id, shipment_id, partner_id, assigned_at, completed_at) VALUES ('272', '82', '8', '2024-09-02 10:17:13', '2025-04-28 16:06:20');
INSERT INTO delivery_assignments (id, shipment_id, partner_id, assigned_at, completed_at) VALUES ('273', '245', '9', '2024-09-15 19:16:45', '2024-12-22 18:36:46');
INSERT INTO delivery_assignments (id, shipment_id, partner_id, assigned_at, completed_at) VALUES ('274', '94', '1', '2024-08-10 22:39:46', '2025-05-30 02:33:03');
INSERT INTO delivery_assignments (id, shipment_id, partner_id, assigned_at, completed_at) VALUES ('275', '194', '3', '2025-05-13 06:05:45', '2025-05-04 10:59:39');
INSERT INTO delivery_assignments (id, shipment_id, partner_id, assigned_at, completed_at) VALUES ('276', '203', '10', '2025-05-05 20:47:24', '2025-05-09 21:15:32');
INSERT INTO delivery_assignments (id, shipment_id, partner_id, assigned_at, completed_at) VALUES ('277', '156', '15', '2025-01-24 01:46:56', '2024-11-05 00:20:44');
INSERT INTO delivery_assignments (id, shipment_id, partner_id, assigned_at, completed_at) VALUES ('278', '71', '15', '2024-08-18 16:53:34', '2024-09-22 18:29:22');
INSERT INTO delivery_assignments (id, shipment_id, partner_id, assigned_at, completed_at) VALUES ('279', '18', '12', '2025-01-05 07:43:55', '2025-01-14 09:40:19');
INSERT INTO delivery_assignments (id, shipment_id, partner_id, assigned_at, completed_at) VALUES ('280', '245', '11', '2025-05-03 08:39:01', '2025-01-20 14:49:58');
INSERT INTO delivery_assignments (id, shipment_id, partner_id, assigned_at, completed_at) VALUES ('281', '47', '5', '2024-11-13 15:13:05', '2024-11-09 13:11:00');
INSERT INTO delivery_assignments (id, shipment_id, partner_id, assigned_at, completed_at) VALUES ('282', '26', '8', '2024-10-26 12:13:43', '2024-08-28 07:13:09');
INSERT INTO delivery_assignments (id, shipment_id, partner_id, assigned_at, completed_at) VALUES ('283', '286', '5', '2025-06-17 16:06:28', '2024-08-11 06:07:22');
INSERT INTO delivery_assignments (id, shipment_id, partner_id, assigned_at, completed_at) VALUES ('284', '132', '9', '2024-09-15 02:45:49', '2025-01-10 17:56:59');
INSERT INTO delivery_assignments (id, shipment_id, partner_id, assigned_at, completed_at) VALUES ('285', '227', '15', '2025-03-29 21:04:23', '2025-01-05 08:31:11');
INSERT INTO delivery_assignments (id, shipment_id, partner_id, assigned_at, completed_at) VALUES ('286', '276', '15', '2024-08-11 02:56:36', '2024-11-29 14:58:19');
INSERT INTO delivery_assignments (id, shipment_id, partner_id, assigned_at, completed_at) VALUES ('287', '61', '14', '2024-10-01 22:20:26', '2024-11-14 01:56:30');
INSERT INTO delivery_assignments (id, shipment_id, partner_id, assigned_at, completed_at) VALUES ('288', '150', '4', '2024-07-22 06:56:12', '2025-01-20 21:27:05');
INSERT INTO delivery_assignments (id, shipment_id, partner_id, assigned_at, completed_at) VALUES ('289', '268', '12', '2025-04-19 05:59:30', '2025-01-12 22:13:18');
INSERT INTO delivery_assignments (id, shipment_id, partner_id, assigned_at, completed_at) VALUES ('290', '26', '14', '2024-12-28 20:02:11', '2025-03-26 22:15:57');
INSERT INTO delivery_assignments (id, shipment_id, partner_id, assigned_at, completed_at) VALUES ('291', '14', '7', '2025-01-22 06:41:11', '2024-10-21 05:06:32');
INSERT INTO delivery_assignments (id, shipment_id, partner_id, assigned_at, completed_at) VALUES ('292', '156', '8', '2025-05-11 05:15:41', '2025-03-12 08:32:46');
INSERT INTO delivery_assignments (id, shipment_id, partner_id, assigned_at, completed_at) VALUES ('293', '116', '7', '2024-12-04 13:07:38', '2025-04-17 05:38:06');
INSERT INTO delivery_assignments (id, shipment_id, partner_id, assigned_at, completed_at) VALUES ('294', '99', '12', '2025-06-08 17:35:02', '2024-11-17 00:33:59');
INSERT INTO delivery_assignments (id, shipment_id, partner_id, assigned_at, completed_at) VALUES ('295', '52', '15', '2024-08-20 04:13:33', '2024-08-26 09:15:27');
INSERT INTO delivery_assignments (id, shipment_id, partner_id, assigned_at, completed_at) VALUES ('296', '2', '1', '2025-04-29 02:42:28', '2025-04-29 08:13:13');
INSERT INTO delivery_assignments (id, shipment_id, partner_id, assigned_at, completed_at) VALUES ('297', '84', '3', '2025-01-29 05:38:38', '2024-12-17 11:53:50');
INSERT INTO delivery_assignments (id, shipment_id, partner_id, assigned_at, completed_at) VALUES ('298', '174', '7', '2025-02-07 16:32:20', '2025-01-24 09:08:24');
INSERT INTO delivery_assignments (id, shipment_id, partner_id, assigned_at, completed_at) VALUES ('299', '163', '4', '2025-02-04 07:32:17', '2024-08-02 04:02:15');
INSERT INTO delivery_assignments (id, shipment_id, partner_id, assigned_at, completed_at) VALUES ('300', '156', '5', '2025-06-27 19:00:23', '2025-02-26 00:47:31');


-- Table: product_reviews
CREATE TABLE product_reviews (id TEXT, customer_id TEXT, product_id TEXT, rating TEXT, comment TEXT, reviewed_at TEXT);
INSERT INTO product_reviews (id, customer_id, product_id, rating, comment, reviewed_at) VALUES ('1', '34', '84', '90', 'interview', '2024-09-06 07:00:33');
INSERT INTO product_reviews (id, customer_id, product_id, rating, comment, reviewed_at) VALUES ('2', '25', '97', '56', 'yard', '2024-08-15 14:38:20');
INSERT INTO product_reviews (id, customer_id, product_id, rating, comment, reviewed_at) VALUES ('3', '27', '37', '512', 'research', '2024-08-31 08:02:29');
INSERT INTO product_reviews (id, customer_id, product_id, rating, comment, reviewed_at) VALUES ('4', '34', '28', '958', 'six', '2024-08-12 12:00:05');
INSERT INTO product_reviews (id, customer_id, product_id, rating, comment, reviewed_at) VALUES ('5', '20', '98', '503', 'whatever', '2024-08-18 19:09:44');
INSERT INTO product_reviews (id, customer_id, product_id, rating, comment, reviewed_at) VALUES ('6', '21', '64', '734', 'find', '2024-11-22 19:11:54');
INSERT INTO product_reviews (id, customer_id, product_id, rating, comment, reviewed_at) VALUES ('7', '44', '97', '546', 'art', '2024-11-06 03:19:08');
INSERT INTO product_reviews (id, customer_id, product_id, rating, comment, reviewed_at) VALUES ('8', '26', '72', '845', 'bit', '2025-01-05 22:46:48');
INSERT INTO product_reviews (id, customer_id, product_id, rating, comment, reviewed_at) VALUES ('9', '4', '26', '999', 'exist', '2024-12-28 12:57:42');
INSERT INTO product_reviews (id, customer_id, product_id, rating, comment, reviewed_at) VALUES ('10', '28', '51', '515', 'Mrs', '2024-12-07 12:10:47');
INSERT INTO product_reviews (id, customer_id, product_id, rating, comment, reviewed_at) VALUES ('11', '27', '36', '689', 'see', '2024-07-10 10:37:02');
INSERT INTO product_reviews (id, customer_id, product_id, rating, comment, reviewed_at) VALUES ('12', '41', '87', '778', 'game', '2024-09-04 08:57:49');
INSERT INTO product_reviews (id, customer_id, product_id, rating, comment, reviewed_at) VALUES ('13', '22', '13', '331', 'old', '2025-06-17 11:57:18');
INSERT INTO product_reviews (id, customer_id, product_id, rating, comment, reviewed_at) VALUES ('14', '30', '45', '121', 'amount', '2025-01-21 10:54:35');
INSERT INTO product_reviews (id, customer_id, product_id, rating, comment, reviewed_at) VALUES ('15', '10', '18', '857', 'leg', '2024-10-16 13:43:07');
INSERT INTO product_reviews (id, customer_id, product_id, rating, comment, reviewed_at) VALUES ('16', '46', '42', '121', 'miss', '2024-11-03 17:34:39');
INSERT INTO product_reviews (id, customer_id, product_id, rating, comment, reviewed_at) VALUES ('17', '47', '38', '728', 'want', '2024-07-13 02:01:59');
INSERT INTO product_reviews (id, customer_id, product_id, rating, comment, reviewed_at) VALUES ('18', '43', '78', '979', 'trial', '2024-08-21 14:15:33');
INSERT INTO product_reviews (id, customer_id, product_id, rating, comment, reviewed_at) VALUES ('19', '2', '39', '865', 'finish', '2024-09-30 15:47:52');
INSERT INTO product_reviews (id, customer_id, product_id, rating, comment, reviewed_at) VALUES ('20', '18', '37', '423', 'consider', '2025-03-10 23:25:54');
INSERT INTO product_reviews (id, customer_id, product_id, rating, comment, reviewed_at) VALUES ('21', '3', '69', '609', 'explain', '2025-03-30 00:41:10');
INSERT INTO product_reviews (id, customer_id, product_id, rating, comment, reviewed_at) VALUES ('22', '18', '44', '527', 'natural', '2025-03-05 12:27:40');
INSERT INTO product_reviews (id, customer_id, product_id, rating, comment, reviewed_at) VALUES ('23', '35', '60', '640', 'financial', '2024-07-28 20:54:19');
INSERT INTO product_reviews (id, customer_id, product_id, rating, comment, reviewed_at) VALUES ('24', '41', '53', '316', 'citizen', '2024-10-05 18:40:08');
INSERT INTO product_reviews (id, customer_id, product_id, rating, comment, reviewed_at) VALUES ('25', '26', '65', '633', 'international', '2025-02-12 04:50:46');
INSERT INTO product_reviews (id, customer_id, product_id, rating, comment, reviewed_at) VALUES ('26', '46', '88', '225', 'eye', '2025-04-18 21:40:40');
INSERT INTO product_reviews (id, customer_id, product_id, rating, comment, reviewed_at) VALUES ('27', '11', '6', '285', 'fish', '2024-09-18 18:12:43');
INSERT INTO product_reviews (id, customer_id, product_id, rating, comment, reviewed_at) VALUES ('28', '27', '14', '932', 'particularly', '2024-12-24 08:58:43');
INSERT INTO product_reviews (id, customer_id, product_id, rating, comment, reviewed_at) VALUES ('29', '34', '99', '262', 'bad', '2025-04-08 23:23:31');
INSERT INTO product_reviews (id, customer_id, product_id, rating, comment, reviewed_at) VALUES ('30', '1', '96', '720', 'open', '2025-04-20 00:52:46');
INSERT INTO product_reviews (id, customer_id, product_id, rating, comment, reviewed_at) VALUES ('31', '9', '54', '763', 'particularly', '2025-02-18 22:01:19');
INSERT INTO product_reviews (id, customer_id, product_id, rating, comment, reviewed_at) VALUES ('32', '11', '41', '833', 'attention', '2024-10-25 14:22:38');
INSERT INTO product_reviews (id, customer_id, product_id, rating, comment, reviewed_at) VALUES ('33', '50', '93', '812', 'reflect', '2025-06-23 13:00:13');
INSERT INTO product_reviews (id, customer_id, product_id, rating, comment, reviewed_at) VALUES ('34', '24', '35', '563', 'back', '2025-03-30 02:09:38');
INSERT INTO product_reviews (id, customer_id, product_id, rating, comment, reviewed_at) VALUES ('35', '7', '23', '604', 'throw', '2025-06-15 12:04:31');
INSERT INTO product_reviews (id, customer_id, product_id, rating, comment, reviewed_at) VALUES ('36', '28', '83', '757', 'security', '2025-06-23 01:09:26');
INSERT INTO product_reviews (id, customer_id, product_id, rating, comment, reviewed_at) VALUES ('37', '47', '53', '664', 'structure', '2025-03-12 18:59:44');
INSERT INTO product_reviews (id, customer_id, product_id, rating, comment, reviewed_at) VALUES ('38', '44', '95', '644', 'market', '2024-10-31 20:18:16');
INSERT INTO product_reviews (id, customer_id, product_id, rating, comment, reviewed_at) VALUES ('39', '35', '22', '505', 'game', '2025-05-13 18:50:52');
INSERT INTO product_reviews (id, customer_id, product_id, rating, comment, reviewed_at) VALUES ('40', '50', '67', '689', 'decide', '2025-05-30 12:34:16');
INSERT INTO product_reviews (id, customer_id, product_id, rating, comment, reviewed_at) VALUES ('41', '49', '23', '910', 'give', '2025-03-06 06:14:07');
INSERT INTO product_reviews (id, customer_id, product_id, rating, comment, reviewed_at) VALUES ('42', '35', '100', '255', 'item', '2024-10-02 07:08:59');
INSERT INTO product_reviews (id, customer_id, product_id, rating, comment, reviewed_at) VALUES ('43', '44', '8', '515', 'idea', '2024-08-19 13:27:31');
INSERT INTO product_reviews (id, customer_id, product_id, rating, comment, reviewed_at) VALUES ('44', '12', '74', '428', 'site', '2024-10-08 02:35:26');
INSERT INTO product_reviews (id, customer_id, product_id, rating, comment, reviewed_at) VALUES ('45', '11', '97', '425', 'poor', '2024-08-15 09:40:48');
INSERT INTO product_reviews (id, customer_id, product_id, rating, comment, reviewed_at) VALUES ('46', '50', '55', '16', 'effect', '2025-05-19 00:01:19');
INSERT INTO product_reviews (id, customer_id, product_id, rating, comment, reviewed_at) VALUES ('47', '24', '45', '41', 'form', '2025-06-26 13:13:08');
INSERT INTO product_reviews (id, customer_id, product_id, rating, comment, reviewed_at) VALUES ('48', '36', '35', '837', 'pass', '2024-07-09 21:29:20');
INSERT INTO product_reviews (id, customer_id, product_id, rating, comment, reviewed_at) VALUES ('49', '42', '85', '977', 'health', '2025-02-19 23:53:11');
INSERT INTO product_reviews (id, customer_id, product_id, rating, comment, reviewed_at) VALUES ('50', '11', '68', '280', 'listen', '2024-07-05 23:23:34');
INSERT INTO product_reviews (id, customer_id, product_id, rating, comment, reviewed_at) VALUES ('51', '45', '16', '242', 'rock', '2024-08-18 17:31:09');
INSERT INTO product_reviews (id, customer_id, product_id, rating, comment, reviewed_at) VALUES ('52', '14', '50', '951', 'break', '2024-09-23 04:18:02');
INSERT INTO product_reviews (id, customer_id, product_id, rating, comment, reviewed_at) VALUES ('53', '16', '23', '79', 'drive', '2025-04-30 03:41:04');
INSERT INTO product_reviews (id, customer_id, product_id, rating, comment, reviewed_at) VALUES ('54', '33', '61', '695', 'condition', '2025-02-28 21:37:45');
INSERT INTO product_reviews (id, customer_id, product_id, rating, comment, reviewed_at) VALUES ('55', '17', '40', '22', 'defense', '2025-06-04 23:01:40');
INSERT INTO product_reviews (id, customer_id, product_id, rating, comment, reviewed_at) VALUES ('56', '14', '36', '732', 'also', '2025-05-01 22:23:00');
INSERT INTO product_reviews (id, customer_id, product_id, rating, comment, reviewed_at) VALUES ('57', '20', '67', '118', 'town', '2024-11-10 13:38:12');
INSERT INTO product_reviews (id, customer_id, product_id, rating, comment, reviewed_at) VALUES ('58', '20', '87', '94', 'whole', '2025-01-09 06:24:10');
INSERT INTO product_reviews (id, customer_id, product_id, rating, comment, reviewed_at) VALUES ('59', '29', '48', '212', 'bad', '2024-12-06 09:02:44');
INSERT INTO product_reviews (id, customer_id, product_id, rating, comment, reviewed_at) VALUES ('60', '17', '19', '187', 'citizen', '2025-05-10 02:16:16');
INSERT INTO product_reviews (id, customer_id, product_id, rating, comment, reviewed_at) VALUES ('61', '3', '83', '423', 'per', '2024-09-29 02:33:59');
INSERT INTO product_reviews (id, customer_id, product_id, rating, comment, reviewed_at) VALUES ('62', '18', '89', '159', 'like', '2024-08-19 19:22:00');
INSERT INTO product_reviews (id, customer_id, product_id, rating, comment, reviewed_at) VALUES ('63', '13', '49', '459', 'paper', '2024-07-05 06:57:12');
INSERT INTO product_reviews (id, customer_id, product_id, rating, comment, reviewed_at) VALUES ('64', '31', '90', '767', 'power', '2024-07-17 08:02:53');
INSERT INTO product_reviews (id, customer_id, product_id, rating, comment, reviewed_at) VALUES ('65', '41', '37', '948', 'under', '2025-01-28 02:54:21');
INSERT INTO product_reviews (id, customer_id, product_id, rating, comment, reviewed_at) VALUES ('66', '27', '20', '202', 'not', '2024-09-02 08:52:59');
INSERT INTO product_reviews (id, customer_id, product_id, rating, comment, reviewed_at) VALUES ('67', '49', '83', '870', 'cut', '2024-11-07 13:27:08');
INSERT INTO product_reviews (id, customer_id, product_id, rating, comment, reviewed_at) VALUES ('68', '3', '70', '113', 'join', '2025-06-27 12:29:12');
INSERT INTO product_reviews (id, customer_id, product_id, rating, comment, reviewed_at) VALUES ('69', '9', '31', '132', 'write', '2024-08-12 04:33:33');
INSERT INTO product_reviews (id, customer_id, product_id, rating, comment, reviewed_at) VALUES ('70', '38', '34', '406', 'political', '2025-03-20 08:38:25');
INSERT INTO product_reviews (id, customer_id, product_id, rating, comment, reviewed_at) VALUES ('71', '37', '92', '484', 'kitchen', '2025-03-17 10:43:30');
INSERT INTO product_reviews (id, customer_id, product_id, rating, comment, reviewed_at) VALUES ('72', '22', '41', '27', 'follow', '2025-03-11 07:35:17');
INSERT INTO product_reviews (id, customer_id, product_id, rating, comment, reviewed_at) VALUES ('73', '16', '33', '72', 'low', '2025-05-04 19:44:46');
INSERT INTO product_reviews (id, customer_id, product_id, rating, comment, reviewed_at) VALUES ('74', '19', '15', '134', 'politics', '2025-05-08 01:08:40');
INSERT INTO product_reviews (id, customer_id, product_id, rating, comment, reviewed_at) VALUES ('75', '38', '39', '508', 'enjoy', '2025-04-29 08:42:01');
INSERT INTO product_reviews (id, customer_id, product_id, rating, comment, reviewed_at) VALUES ('76', '20', '2', '306', 'with', '2025-04-04 01:58:54');
INSERT INTO product_reviews (id, customer_id, product_id, rating, comment, reviewed_at) VALUES ('77', '24', '48', '70', 'late', '2024-09-28 15:16:08');
INSERT INTO product_reviews (id, customer_id, product_id, rating, comment, reviewed_at) VALUES ('78', '45', '25', '177', 'who', '2025-04-23 10:28:12');
INSERT INTO product_reviews (id, customer_id, product_id, rating, comment, reviewed_at) VALUES ('79', '48', '81', '696', 'question', '2024-07-21 02:13:38');
INSERT INTO product_reviews (id, customer_id, product_id, rating, comment, reviewed_at) VALUES ('80', '33', '40', '944', 'approach', '2025-04-08 17:24:02');
INSERT INTO product_reviews (id, customer_id, product_id, rating, comment, reviewed_at) VALUES ('81', '3', '98', '883', 'road', '2024-10-16 23:55:43');
INSERT INTO product_reviews (id, customer_id, product_id, rating, comment, reviewed_at) VALUES ('82', '27', '70', '777', 'run', '2025-05-09 09:22:39');
INSERT INTO product_reviews (id, customer_id, product_id, rating, comment, reviewed_at) VALUES ('83', '40', '33', '955', 'every', '2025-04-04 12:25:33');
INSERT INTO product_reviews (id, customer_id, product_id, rating, comment, reviewed_at) VALUES ('84', '15', '12', '182', 'weight', '2024-11-11 18:03:24');
INSERT INTO product_reviews (id, customer_id, product_id, rating, comment, reviewed_at) VALUES ('85', '14', '22', '697', 'night', '2024-12-15 21:56:10');
INSERT INTO product_reviews (id, customer_id, product_id, rating, comment, reviewed_at) VALUES ('86', '20', '61', '395', 'pretty', '2024-10-16 12:33:49');
INSERT INTO product_reviews (id, customer_id, product_id, rating, comment, reviewed_at) VALUES ('87', '20', '92', '586', 'forget', '2024-09-03 07:55:21');
INSERT INTO product_reviews (id, customer_id, product_id, rating, comment, reviewed_at) VALUES ('88', '36', '20', '617', 'cost', '2024-07-27 02:42:49');
INSERT INTO product_reviews (id, customer_id, product_id, rating, comment, reviewed_at) VALUES ('89', '20', '49', '974', 'store', '2025-06-03 13:24:09');
INSERT INTO product_reviews (id, customer_id, product_id, rating, comment, reviewed_at) VALUES ('90', '46', '6', '105', 'manage', '2024-07-20 18:31:39');
INSERT INTO product_reviews (id, customer_id, product_id, rating, comment, reviewed_at) VALUES ('91', '6', '56', '321', 'surface', '2024-07-05 15:19:36');
INSERT INTO product_reviews (id, customer_id, product_id, rating, comment, reviewed_at) VALUES ('92', '11', '45', '593', 'while', '2024-09-24 00:51:43');
INSERT INTO product_reviews (id, customer_id, product_id, rating, comment, reviewed_at) VALUES ('93', '25', '50', '545', 'enough', '2024-08-07 10:24:36');
INSERT INTO product_reviews (id, customer_id, product_id, rating, comment, reviewed_at) VALUES ('94', '49', '100', '717', 'account', '2025-05-18 13:58:13');
INSERT INTO product_reviews (id, customer_id, product_id, rating, comment, reviewed_at) VALUES ('95', '16', '79', '89', 'recent', '2024-08-24 02:41:41');
INSERT INTO product_reviews (id, customer_id, product_id, rating, comment, reviewed_at) VALUES ('96', '4', '83', '884', 'example', '2024-07-22 04:27:14');
INSERT INTO product_reviews (id, customer_id, product_id, rating, comment, reviewed_at) VALUES ('97', '31', '61', '435', 'tonight', '2024-09-15 12:51:32');
INSERT INTO product_reviews (id, customer_id, product_id, rating, comment, reviewed_at) VALUES ('98', '18', '28', '313', 'cup', '2025-04-27 06:18:35');
INSERT INTO product_reviews (id, customer_id, product_id, rating, comment, reviewed_at) VALUES ('99', '1', '65', '627', 'again', '2024-08-10 05:17:57');
INSERT INTO product_reviews (id, customer_id, product_id, rating, comment, reviewed_at) VALUES ('100', '16', '36', '640', 'body', '2024-09-11 12:56:00');

